algorithm,trial,second,throughput,avg_rtt,p95_rtt,fairness_index,max_imbalance,h1_conns,h2_conns,h3_conns,decision_latency_us
round_robin,1,0.0,0,23.701,26.811,1.0,0,0,0,0,2327.6
round_robin,1,1.0,90,23.447,26.378,1.0,6,0,0,6,2327.6
round_robin,1,2.0,84,23.787,26.513,1.0,2,35,33,33,2327.6
round_robin,1,3.0,86,23.721,26.834,1.0,3,63,61,60,2327.6
round_robin,1,4.0,11,23.227,26.292,1.0,4,91,89,87,2327.6
round_robin,1,5.0,73,23.362,26.337,1.0,4,119,116,115,2327.6
round_robin,1,6.0,83,23.362,26.337,1.0,4,119,116,115,2327.6
round_robin,1,7.0,84,23.789,26.981,1.0,4,147,143,143,2327.6
round_robin,1,8.0,0,23.591,26.571,1.0,3,174,171,171,2327.6
round_robin,1,9.0,85,23.851,26.671,1.0,2,201,199,199,2327.6
round_robin,1,10.0,86,23.094,26.172,1.0,3,229,226,227,2327.6
round_robin,1,11.0,66,23.079,26.172,1.0,19,245,226,227,2327.6
round_robin,1,12.0,20,22.696,25.581,1.0,10,245,251,255,2327.6
round_robin,1,13.0,87,23.015,25.838,1.0,15,263,269,278,2327.6
round_robin,1,14.0,81,23.337,26.135,1.0,25,285,310,309,2327.6
round_robin,1,15.0,51,23.631,26.417,1.0,3,328,326,325,2327.6
round_robin,1,16.0,29,23.631,26.417,1.0,3,328,326,325,2327.6
round_robin,1,17.0,87,23.523,26.503,1.0,4,341,339,337,2327.6
round_robin,1,18.0,66,23.586,26.418,1.0,4,369,366,365,2327.6
round_robin,1,19.0,20,23.783,26.932,1.0,4,397,393,393,2327.6
round_robin,1,20.0,82,23.398,26.189,1.0,5,425,421,420,2327.6
round_robin,1,21.0,63,23.398,26.189,1.0,5,425,421,420,2327.6
round_robin,1,22.0,83,23.501,26.554,1.0,4,443,439,439,2327.6
round_robin,1,23.0,1,23.631,26.797,1.0,5,471,466,467,2327.6
round_robin,1,24.0,84,23.68,26.665,1.0,4,498,494,495,2327.6
round_robin,1,25.0,86,23.685,26.146,1.0,5,526,521,523,2327.6
round_robin,1,26.0,84,23.685,26.146,1.0,5,526,521,523,2327.6
round_robin,1,27.0,1,23.381,26.304,1.0,4,553,549,551,2327.6
round_robin,1,28.0,85,23.337,26.743,1.0,4,581,577,579,2327.6
round_robin,1,29.0,76,23.371,26.798,1.0,5,598,603,602,2327.6
round_robin,1,30.0,81,22.762,25.286,1.0,14,616,622,630,2327.6
round_robin,1,31.0,11,22.613,25.286,1.0,13,635,622,630,2327.6
round_robin,1,32.0,75,22.734,25.46,1.0,17,635,642,652,2327.6
round_robin,1,33.0,82,23.194,26.052,1.0,11,660,663,671,2327.6
round_robin,1,34.0,83,23.252,26.035,1.0,26,688,687,713,2327.6
round_robin,1,35.0,7,23.252,26.035,1.0,26,688,687,713,2327.6
round_robin,1,36.0,16,24.25,27.349,1.0,2,717,719,718,2327.6
round_robin,1,37.0,81,23.855,27.04,1.0,4,742,746,746,2327.6
round_robin,1,38.0,86,23.196,26.122,1.0,11,763,772,774,2327.6
round_robin,1,39.0,51,23.218,26.122,1.0,16,788,772,774,2327.6
round_robin,1,40.0,37,23.004,26.073,1.0,14,788,797,802,2327.6
round_robin,1,41.0,72,23.13,25.741,1.0,25,801,808,826,2327.6
round_robin,1,42.0,84,23.283,26.393,1.0,23,831,851,854,2327.6
round_robin,1,43.0,31,23.283,26.393,1.0,23,831,851,854,2327.6
round_robin,1,44.0,50,23.138,26.942,1.0,15,867,875,882,2327.6
round_robin,1,45.0,81,22.749,25.494,1.0,20,887,892,907,2327.6
round_robin,1,46.0,87,22.735,25.423,1.0,19,908,913,927,2327.6
round_robin,1,47.0,33,23.216,25.885,1.0,8,935,933,927,2327.6
round_robin,1,48.0,50,23.507,26.302,1.0,34,935,933,967,2327.6
round_robin,1,49.0,81,23.096,25.941,1.0,24,968,974,992,2327.6
round_robin,1,50.1,87,22.813,25.596,1.0,22,990,995,1012,2327.6
round_robin,1,51.1,41,23.153,25.842,1.0,14,1017,1017,1031,2327.6
round_robin,1,52.1,46,23.153,25.842,1.0,14,1017,1017,1031,2327.6
round_robin,1,53.1,82,23.737,26.888,1.0,12,1040,1043,1052,2327.6
round_robin,1,54.1,85,23.934,27.361,1.0,11,1068,1071,1079,2327.6
round_robin,1,55.1,17,24.149,26.767,1.0,11,1096,1098,1107,2327.6
round_robin,1,56.1,69,23.658,26.611,1.0,10,1122,1124,1132,2327.6
round_robin,1,57.1,81,23.766,26.611,1.0,25,1149,1124,1132,2327.6
round_robin,1,58.1,81,23.853,27.138,1.0,11,1149,1151,1160,2327.6
round_robin,1,59.1,3,23.768,27.19,1.0,9,1177,1178,1186,2327.6
round_robin,2,0.0,0,24.024,27.082,1.0,0,0,0,0,2347.7
round_robin,2,1.0,87,23.635,26.275,1.0,13,1147,1150,1160,2347.7
round_robin,2,2.0,83,23.32,26.229,0.9999,11,1175,1178,1186,2347.7
round_robin,2,3.0,81,23.305,26.229,1.0,68,1118,1178,1186,2347.7
round_robin,2,4.0,0,23.391,26.96,1.0,12,1118,1123,1130,2347.7
round_robin,2,5.0,84,23.019,25.643,1.0,20,1138,1148,1158,2347.7
round_robin,2,6.0,86,23.338,26.895,1.0,26,1159,1177,1185,2347.7
round_robin,2,7.0,82,23.349,26.847,1.0,75,1110,1119,1185,2347.7
round_robin,2,8.0,0,23.045,26.025,1.0,17,1110,1119,1127,2347.7
round_robin,2,9.0,83,23.072,25.879,1.0,22,1131,1138,1153,2347.7
round_robin,2,10.0,88,23.027,25.83,1.0,19,1152,1155,1171,2347.7
round_robin,2,11.0,81,23.252,26.725,1.0,13,1179,1178,1191,2347.7
round_robin,2,12.0,1,23.165,26.01,1.0,69,1124,1122,1191,2347.7
round_robin,2,13.0,20,23.577,26.201,1.0,9,1124,1122,1131,2347.7
round_robin,2,14.0,86,23.423,26.005,1.0,22,1127,1130,1149,2347.7
round_robin,2,15.0,76,23.121,25.884,1.0,15,1155,1152,1167,2347.7
round_robin,2,16.0,10,23.675,26.974,1.0,8,1101,1098,1106,2347.7
round_robin,2,17.0,81,23.436,26.101,1.0,23,1129,1125,1106,2347.7
round_robin,2,18.0,20,23.48,26.218,1.0,9,1129,1125,1134,2347.7
round_robin,2,19.0,81,23.58,26.357,1.0,10,1132,1128,1138,2347.7
round_robin,2,20.0,36,23.941,27.273,1.0,14,1091,1084,1098,2347.7
round_robin,2,21.0,45,23.962,26.963,1.0,15,1119,1111,1126,2347.7
round_robin,2,22.0,82,23.61,26.351,1.0,16,1147,1138,1154,2347.7
round_robin,2,23.0,87,23.61,26.351,1.0,16,1147,1138,1154,2347.7
round_robin,2,24.0,32,23.405,26.334,1.0,97,1175,1078,1092,2347.7
round_robin,2,25.0,52,23.401,26.306,1.0,13,1114,1106,1119,2347.7
round_robin,2,26.0,84,23.348,26.383,1.0,12,1143,1134,1146,2347.7
round_robin,2,27.0,84,23.311,26.411,1.0,11,1164,1162,1173,2347.7
round_robin,2,28.0,36,23.311,26.411,1.0,11,1164,1162,1173,2347.7
round_robin,2,29.0,50,23.093,25.941,1.0,13,1092,1091,1104,2347.7
round_robin,2,30.0,81,23.096,26.092,1.0,21,1112,1108,1129,2347.7
round_robin,2,31.0,87,22.978,25.543,1.0,20,1133,1129,1149,2347.7
round_robin,2,32.0,41,23.109,25.878,1.0,24,1096,1082,1106,2347.7
round_robin,2,33.0,43,23.109,25.878,1.0,24,1096,1082,1106,2347.7
round_robin,2,34.0,81,23.291,26.174,1.0,19,1124,1109,1128,2347.7
round_robin,2,35.0,86,23.486,26.494,1.0,19,1151,1135,1154,2347.7
round_robin,2,36.0,0,23.584,26.585,1.0,18,1098,1080,1096,2347.7
round_robin,2,37.0,84,23.427,26.128,1.0,17,1125,1108,1124,2347.7
round_robin,2,38.0,84,23.466,26.128,1.0,44,1152,1108,1124,2347.7
round_robin,2,39.0,83,23.694,26.877,1.0,16,1152,1136,1152,2347.7
round_robin,2,40.0,0,23.75,26.617,1.0,16,1179,1164,1180,2347.7
round_robin,2,41.0,83,23.727,27.04,1.0,13,1123,1111,1124,2347.7
round_robin,2,42.0,84,23.481,26.244,1.0,14,1151,1138,1152,2347.7
round_robin,2,43.0,86,23.292,26.244,1.0,39,1177,1138,1152,2347.7
round_robin,2,44.0,1,23.122,26.165,1.0,15,1177,1165,1180,2347.7
round_robin,2,45.0,81,23.226,26.128,1.0,11,1116,1112,1123,2347.7
round_robin,2,46.0,86,23.388,26.603,1.0,22,1135,1129,1151,2347.7
round_robin,2,47.0,85,23.232,26.603,1.0,32,1161,1129,1151,2347.7
round_robin,2,48.0,0,23.086,26.175,1.0,18,1161,1165,1179,2347.7
round_robin,2,49.0,86,22.807,25.646,1.0,17,1115,1107,1124,2347.7
round_robin,2,50.1,84,23.453,26.736,1.0,18,1134,1134,1152,2347.7
round_robin,2,51.1,83,23.244,26.621,1.0,17,1169,1159,1152,2347.7
round_robin,2,52.1,0,23.031,26.047,1.0,20,1169,1159,1179,2347.7
round_robin,2,53.1,81,23.469,26.471,1.0,20,1104,1108,1124,2347.7
round_robin,2,54.1,81,22.992,26.387,1.0,18,1142,1133,1151,2347.7
round_robin,2,55.1,1,23.326,26.063,1.0,16,1153,1137,1152,2347.7
round_robin,2,56.1,86,23.326,26.063,1.0,16,1153,1137,1152,2347.7
round_robin,2,57.1,86,23.566,26.322,1.0,14,1125,1111,1122,2347.7
round_robin,2,58.1,83,23.448,26.358,1.0,14,1153,1139,1149,2347.7
round_robin,2,59.1,1,23.445,26.105,1.0,15,1181,1166,1177,2347.7
round_robin,3,0.0,0,23.547,26.46,1.0,0,0,0,0,2388.3
round_robin,3,1.0,81,23.807,26.436,1.0,13,1149,1136,1147,2388.3
round_robin,3,2.0,83,23.807,26.436,0.9999,13,1149,1136,1147,2388.3
round_robin,3,3.0,87,23.69,26.706,1.0,13,1177,1164,1174,2388.3
round_robin,3,4.0,1,23.714,26.548,1.0,11,1114,1103,1112,2388.3
round_robin,3,5.0,80,23.687,26.303,1.0,12,1142,1130,1140,2388.3
round_robin,3,6.0,87,23.697,26.806,1.0,13,1170,1157,1168,2388.3
round_robin,3,7.0,86,23.697,26.806,1.0,13,1170,1157,1168,2388.3
round_robin,3,8.0,1,23.255,26.104,1.0,89,1198,1109,1120,2388.3
round_robin,3,9.0,83,23.115,26.007,1.0,12,1149,1137,1148,2388.3
round_robin,3,10.0,19,23.892,27.039,1.0,13,1153,1140,1153,2388.3
round_robin,3,11.0,82,23.608,26.413,1.0,16,1181,1165,1181,2388.3
round_robin,3,12.0,78,23.608,26.413,1.0,16,1181,1165,1181,2388.3
round_robin,3,13.0,6,23.29,26.201,1.0,12,1125,1113,1125,2388.3
round_robin,3,14.0,21,23.748,26.613,1.0,13,1129,1116,1129,2388.3
round_robin,3,15.0,85,23.629,26.653,1.0,13,1157,1144,1156,2388.3
round_robin,3,16.0,85,23.154,26.482,1.0,9,1124,1116,1125,2388.3
round_robin,3,17.0,51,23.283,26.482,1.0,25,1141,1116,1125,2388.3
round_robin,3,18.0,35,22.998,26.177,1.0,12,1141,1142,1153,2388.3
round_robin,3,19.0,84,22.928,26.374,1.0,19,1161,1171,1180,2388.3
round_robin,3,20.0,77,23.079,25.811,1.0,14,1097,1089,1103,2388.3
round_robin,3,21.0,10,23.399,26.482,1.0,21,1124,1116,1103,2388.3
round_robin,3,22.0,86,23.506,26.515,1.0,10,1124,1116,1126,2388.3
round_robin,3,23.0,85,23.472,26.334,1.0,10,1151,1144,1154,2388.3
round_robin,3,24.0,45,23.412,26.257,1.0,91,1179,1088,1100,2388.3
round_robin,3,25.0,34,23.824,26.73,1.0,13,1107,1100,1113,2388.3
round_robin,3,26.0,50,23.597,26.596,1.0,21,1134,1128,1113,2388.3
round_robin,3,27.0,82,23.739,26.638,1.0,13,1134,1128,1141,2388.3
round_robin,3,28.0,86,23.665,26.638,1.0,34,1162,1128,1141,2388.3
round_robin,3,29.0,31,23.665,26.638,1.0,34,1162,1128,1141,2388.3
round_robin,3,30.0,55,17.957,25.582,1.0,36,1162,1126,1135,2388.3
round_robin,3,31.0,82,20.498,26.157,1.0,18,1143,1146,1161,2388.3
round_robin,3,32.0,86,20.48,26.119,1.0,81,1161,1080,1096,2388.3
round_robin,3,33.0,16,20.731,26.249,1.0,13,1104,1097,1110,2388.3
round_robin,3,34.0,70,20.731,26.249,1.0,13,1104,1097,1110,2388.3
round_robin,3,35.0,82,21.089,26.732,1.0,11,1132,1124,1135,2388.3
round_robin,3,36.0,31,20.8,26.648,1.0,12,1160,1151,1163,2388.3
round_robin,3,37.0,56,21.159,27.381,1.0,11,1106,1095,1106,2388.3
round_robin,3,38.0,85,20.86,26.888,1.0,11,1134,1123,1133,2388.3
round_robin,3,39.0,86,20.652,26.327,1.0,37,1160,1123,1133,2388.3
round_robin,3,40.0,31,20.559,26.326,1.0,12,1160,1149,1161,2388.3
round_robin,3,41.0,53,20.423,26.079,1.0,9,1101,1094,1103,2388.3
round_robin,3,42.0,82,20.278,25.774,1.0,7,1123,1122,1129,2388.3
round_robin,3,43.0,87,20.016,25.462,1.0,15,1143,1146,1158,2388.3
round_robin,3,44.0,31,20.316,26.272,1.0,78,1080,1146,1158,2388.3
round_robin,3,45.0,52,20.62,26.384,1.0,20,1080,1097,1100,2388.3
round_robin,3,46.0,86,19.961,25.472,1.0,15,1114,1120,1129,2388.3
round_robin,3,47.0,39,20.408,26.077,1.0,5,1136,1134,1139,2388.3
round_robin,3,48.0,86,20.376,26.03,1.0,26,1165,1161,1139,2388.3
round_robin,3,49.0,26,20.369,26.03,1.0,79,1165,1161,1086,2388.3
round_robin,3,50.1,60,20.343,25.953,1.0,10,1104,1107,1114,2388.3
round_robin,3,51.1,86,20.701,27.132,1.0,12,1129,1133,1141,2388.3
round_robin,3,52.1,82,19.991,25.418,1.0,17,1148,1151,1165,2388.3
round_robin,3,53.1,31,20.427,26.52,1.0,80,1085,1086,1165,2388.3
round_robin,3,54.1,51,20.321,26.52,1.0,17,1085,1086,1102,2388.3
round_robin,3,55.1,86,20.473,26.208,1.0,13,1112,1108,1121,2388.3
round_robin,3,56.1,71,20.573,26.169,1.0,9,1139,1135,1144,2388.3
round_robin,3,57.1,10,20.689,26.537,1.0,7,1111,1106,1113,2388.3
round_robin,3,58.1,86,20.569,26.366,1.0,6,1139,1134,1140,2388.3
round_robin,3,59.1,83,20.569,26.366,1.0,6,1139,1134,1140,2388.3
weighted_round_robin,1,0.0,0,20.668,26.383,1.0,0,0,0,0,2351.5
weighted_round_robin,1,1.0,88,21.102,26.717,0.9997,6,1114,1112,1118,2351.5
weighted_round_robin,1,2.0,83,20.425,26.142,1.0,6,1141,1140,1146,2351.5
weighted_round_robin,1,3.0,82,20.407,26.093,1.0,61,1085,1140,1146,2351.5
weighted_round_robin,1,4.0,26,20.811,26.28,1.0,3,1085,1085,1088,2351.5
weighted_round_robin,1,5.0,57,20.514,26.15,1.0,3,1113,1113,1116,2351.5
weighted_round_robin,1,6.0,87,20.129,25.686,1.0,11,1132,1141,1143,2351.5
weighted_round_robin,1,7.0,81,25.155,38.921,1.0,15,1096,1107,1111,2351.5
weighted_round_robin,1,8.0,26,25.234,38.945,1.0,11,1118,1107,1111,2351.5
weighted_round_robin,1,9.0,61,20.147,25.67,1.0,18,1118,1128,1136,2351.5
weighted_round_robin,1,10.0,82,20.556,26.173,1.0,14,1139,1146,1153,2351.5
weighted_round_robin,1,11.0,86,20.177,25.923,1.0,55,1166,1168,1113,2351.5
weighted_round_robin,1,12.0,26,20.605,26.198,1.0,1,1135,1136,1136,2351.5
weighted_round_robin,1,13.0,60,20.516,26.171,1.0,27,1163,1136,1136,2351.5
weighted_round_robin,1,14.0,86,20.848,26.98,1.0,1,1163,1163,1164,2351.5
weighted_round_robin,1,15.0,36,21.04,26.993,1.0,2,1191,1190,1192,2351.5
weighted_round_robin,1,16.0,50,21.083,27.214,1.0,3,1135,1136,1138,2351.5
weighted_round_robin,1,17.0,86,20.975,27.111,1.0,3,1163,1163,1166,2351.5
weighted_round_robin,1,18.0,87,21.128,27.27,1.0,25,1191,1190,1166,2351.5
weighted_round_robin,1,19.0,42,21.184,27.27,1.0,4,1191,1190,1194,2351.5
weighted_round_robin,1,20.0,40,20.245,26.014,1.0,6,1151,1148,1154,2351.5
weighted_round_robin,1,21.0,68,20.768,26.043,1.0,7,1171,1167,1174,2351.5
weighted_round_robin,1,22.0,86,20.532,26.14,1.0,8,1197,1194,1202,2351.5
weighted_round_robin,1,23.0,82,20.405,26.146,1.0,80,1214,1134,1202,2351.5
weighted_round_robin,1,24.0,0,20.37,26.146,1.0,80,1214,1134,1145,2351.5
weighted_round_robin,1,25.0,83,20.182,25.993,1.0,21,1149,1155,1170,2351.5
weighted_round_robin,1,26.0,85,20.59,26.328,1.0,21,1170,1174,1191,2351.5
weighted_round_robin,1,27.0,86,20.568,26.44,1.0,15,1197,1196,1211,2351.5
weighted_round_robin,1,28.0,11,20.311,25.87,1.0,11,1138,1133,1144,2351.5
weighted_round_robin,1,29.0,70,20.311,25.87,1.0,11,1138,1133,1144,2351.5
weighted_round_robin,1,30.0,81,20.724,26.445,1.0,10,1166,1161,1171,2351.5
weighted_round_robin,1,31.0,83,20.947,26.924,1.0,10,1193,1189,1199,2351.5
weighted_round_robin,1,32.0,11,20.581,26.111,1.0,8,1142,1142,1150,2351.5
weighted_round_robin,1,33.0,75,20.628,26.207,1.0,6,1170,1170,1176,2351.5
weighted_round_robin,1,34.0,87,20.624,26.195,1.0,28,1198,1170,1176,2351.5
weighted_round_robin,1,35.0,26,20.986,27.513,1.0,7,1198,1197,1204,2351.5
weighted_round_robin,1,36.0,36,21.036,26.791,1.0,11,1133,1130,1141,2351.5
weighted_round_robin,1,37.0,82,20.885,26.786,1.0,11,1160,1158,1169,2351.5
weighted_round_robin,1,38.0,81,20.974,26.745,1.0,8,1188,1185,1193,2351.5
weighted_round_robin,1,39.0,67,20.974,26.745,1.0,8,1188,1185,1193,2351.5
weighted_round_robin,1,40.0,20,20.112,25.683,1.0,7,1213,1213,1220,2351.5
weighted_round_robin,1,41.0,82,20.498,26.032,1.0,15,1145,1151,1160,2351.5
weighted_round_robin,1,42.0,82,20.347,25.954,1.0,9,1184,1178,1187,2351.5
weighted_round_robin,1,43.0,66,20.347,25.954,1.0,9,1184,1178,1187,2351.5
weighted_round_robin,1,44.0,20,20.133,25.985,1.0,8,1207,1205,1213,2351.5
weighted_round_robin,1,45.0,81,20.151,25.875,1.0,11,1141,1142,1152,2351.5
weighted_round_robin,1,46.0,82,20.18,25.739,1.0,13,1159,1161,1172,2351.5
weighted_round_robin,1,47.0,57,20.34,26.171,1.0,21,1182,1161,1172,2351.5
weighted_round_robin,1,48.0,30,20.582,26.223,1.0,24,1182,1202,1206,2351.5
weighted_round_robin,1,49.1,86,20.679,26.884,1.0,16,1138,1142,1154,2351.5
weighted_round_robin,1,50.1,82,20.494,25.757,1.0,16,1154,1158,1170,2351.5
weighted_round_robin,1,51.1,51,20.257,26.117,1.0,10,1180,1177,1187,2351.5
weighted_round_robin,1,52.1,30,20.278,26.174,1.0,62,1125,1177,1187,2351.5
weighted_round_robin,1,53.1,86,20.552,26.224,1.0,5,1125,1120,1125,2351.5
weighted_round_robin,1,54.1,72,20.44,26.082,1.0,5,1152,1148,1153,2351.5
weighted_round_robin,1,55.1,12,20.406,26.154,1.0,4,1180,1176,1180,2351.5
weighted_round_robin,1,56.1,84,20.903,26.679,1.0,7,1151,1147,1154,2351.5
weighted_round_robin,1,57.1,85,20.65,26.562,1.0,6,1179,1175,1181,2351.5
weighted_round_robin,1,58.1,66,20.65,26.562,1.0,6,1179,1175,1181,2351.5
weighted_round_robin,1,59.1,6,20.811,26.651,1.0,6,1203,1199,1205,2351.5
weighted_round_robin,2,0.0,0,20.657,26.255,1.0,0,0,0,0,2380.3
weighted_round_robin,2,1.0,87,20.686,26.433,1.0,6,1174,1171,1177,2380.3
weighted_round_robin,2,2.0,86,20.165,25.818,0.9999,15,1191,1197,1206,2380.3
weighted_round_robin,2,3.0,72,19.733,25.339,1.0,20,1125,1130,1145,2380.3
weighted_round_robin,2,4.0,7,19.733,25.339,1.0,20,1125,1130,1145,2380.3
weighted_round_robin,2,5.0,79,20.388,25.857,1.0,20,1143,1149,1163,2380.3
weighted_round_robin,2,6.0,81,20.642,26.478,1.0,15,1171,1167,1182,2380.3
weighted_round_robin,2,7.0,81,20.832,26.965,1.0,10,1198,1193,1203,2380.3
weighted_round_robin,2,8.0,7,20.877,26.797,1.0,13,1131,1124,1137,2380.3
weighted_round_robin,2,9.0,75,20.611,26.411,1.0,20,1157,1152,1137,2380.3
weighted_round_robin,2,10.0,85,20.678,26.411,1.0,13,1157,1152,1165,2380.3
weighted_round_robin,2,11.0,31,20.524,26.247,1.0,14,1185,1179,1193,2380.3
weighted_round_robin,2,12.0,54,20.655,26.476,1.0,11,1142,1136,1147,2380.3
weighted_round_robin,2,13.0,58,21.277,27.285,1.0,11,1158,1153,1164,2380.3
weighted_round_robin,2,14.0,81,20.088,25.44,1.0,12,1183,1180,1192,2380.3
weighted_round_robin,2,15.0,45,20.088,25.44,1.0,12,1183,1180,1192,2380.3
weighted_round_robin,2,16.0,36,20.56,26.077,1.0,8,1126,1123,1131,2380.3
weighted_round_robin,2,17.0,83,20.101,25.438,1.0,11,1148,1151,1159,2380.3
weighted_round_robin,2,18.0,19,20.893,26.421,1.0,11,1157,1153,1164,2380.3
weighted_round_robin,2,19.0,81,20.955,26.439,1.0,32,1185,1153,1164,2380.3
weighted_round_robin,2,20.0,21,20.725,26.331,1.0,90,1185,1180,1095,2380.3
weighted_round_robin,2,21.0,61,20.264,26.15,1.0,11,1109,1111,1120,2380.3
weighted_round_robin,2,22.0,86,20.279,26.047,1.0,18,1130,1132,1148,2380.3
weighted_round_robin,2,23.0,84,20.438,25.662,1.0,21,1146,1149,1167,2380.3
weighted_round_robin,2,24.0,21,20.73,26.016,1.0,84,1089,1083,1167,2380.3
weighted_round_robin,2,25.0,60,20.569,26.016,1.0,18,1089,1083,1101,2380.3
weighted_round_robin,2,26.0,87,20.725,26.403,1.0,12,1117,1110,1122,2380.3
weighted_round_robin,2,27.0,81,20.624,26.268,1.0,13,1145,1137,1150,2380.3
weighted_round_robin,2,28.0,21,20.543,26.397,1.0,15,1092,1080,1095,2380.3
weighted_round_robin,2,29.0,65,20.694,26.433,1.0,16,1120,1107,1123,2380.3
weighted_round_robin,2,30.0,86,20.781,26.459,1.0,40,1147,1107,1123,2380.3
weighted_round_robin,2,31.0,62,20.693,26.361,1.0,16,1147,1135,1151,2380.3
weighted_round_robin,2,32.0,25,20.937,26.653,1.0,73,1176,1161,1103,2380.3
weighted_round_robin,2,33.0,81,21.159,26.837,1.0,11,1129,1119,1130,2380.3
weighted_round_robin,2,34.0,86,19.997,25.435,1.0,17,1147,1142,1159,2380.3
weighted_round_robin,2,35.0,41,20.113,25.948,1.0,7,1165,1158,1159,2380.3
weighted_round_robin,2,36.0,40,20.08,25.948,1.0,17,1165,1158,1175,2380.3
weighted_round_robin,2,37.0,86,20.361,26.108,1.0,17,1105,1093,1110,2380.3
weighted_round_robin,2,38.0,81,20.704,26.542,1.0,13,1133,1120,1131,2380.3
weighted_round_robin,2,39.0,41,20.516,26.135,1.0,12,1160,1148,1159,2380.3
weighted_round_robin,2,40.0,45,20.523,26.092,1.0,14,1103,1092,1106,2380.3
weighted_round_robin,2,41.0,81,20.897,27.102,1.0,39,1131,1092,1106,2380.3
weighted_round_robin,2,42.0,87,21.316,27.152,1.0,13,1131,1120,1133,2380.3
weighted_round_robin,2,43.0,36,21.165,27.0,1.0,12,1159,1148,1160,2380.3
weighted_round_robin,2,44.0,50,20.546,26.148,1.0,13,1186,1174,1187,2380.3
weighted_round_robin,2,45.0,83,20.765,26.657,1.0,15,1131,1117,1132,2380.3
weighted_round_robin,2,46.0,84,20.719,26.55,1.0,26,1158,1144,1132,2380.3
weighted_round_robin,2,47.0,41,20.784,26.55,1.0,16,1158,1144,1160,2380.3
weighted_round_robin,2,48.0,43,21.023,27.197,1.0,15,1185,1171,1186,2380.3
weighted_round_robin,2,49.0,85,20.381,26.139,1.0,22,1107,1095,1117,2380.3
weighted_round_robin,2,50.1,46,20.686,26.185,1.0,18,1134,1122,1140,2380.3
weighted_round_robin,2,51.1,35,20.816,26.542,1.0,22,1162,1149,1140,2380.3
weighted_round_robin,2,52.1,84,20.717,26.542,1.0,19,1162,1149,1168,2380.3
weighted_round_robin,2,53.1,85,20.857,26.69,1.0,24,1104,1090,1114,2380.3
weighted_round_robin,2,54.1,44,20.75,26.852,1.0,25,1132,1117,1142,2380.3
weighted_round_robin,2,55.1,42,20.877,26.59,1.0,24,1160,1145,1169,2380.3
weighted_round_robin,2,56.1,87,20.806,26.774,1.0,47,1188,1172,1141,2380.3
weighted_round_robin,2,57.1,84,20.806,26.774,1.0,47,1188,1172,1141,2380.3
weighted_round_robin,2,58.1,42,20.806,26.774,1.0,47,1188,1172,1141,2380.3
weighted_round_robin,2,59.1,42,20.865,26.933,1.0,44,1185,1172,1141,2380.3
weighted_round_robin,3,0.0,0,28.937,40.865,1.0,0,0,0,0,2528.5
weighted_round_robin,3,1.0,82,29.09,40.911,0.9997,1154,1154,0,0,2528.5
weighted_round_robin,3,2.0,87,24.0,26.896,0.9999,25,1154,1140,1165,2528.5
weighted_round_robin,3,3.0,61,23.273,26.012,1.0,25,1181,1168,1193,2528.5
weighted_round_robin,3,4.0,26,23.482,26.479,1.0,25,1119,1103,1128,2528.5
weighted_round_robin,3,5.0,81,23.602,26.329,1.0,25,1146,1131,1156,2528.5
weighted_round_robin,3,6.0,81,23.657,26.681,1.0,25,1173,1159,1184,2528.5
weighted_round_robin,3,7.0,62,23.657,26.681,1.0,25,1173,1159,1184,2528.5
weighted_round_robin,3,8.0,22,23.467,26.954,1.0,23,1130,1116,1139,2528.5
weighted_round_robin,3,9.0,87,22.864,26.05,1.0,22,1149,1144,1166,2528.5
weighted_round_robin,3,10.0,25,23.884,26.639,1.0,22,1159,1150,1172,2528.5
weighted_round_robin,3,11.0,81,23.079,26.245,1.0,92,1184,1092,1113,2528.5
weighted_round_robin,3,12.0,31,23.079,26.245,1.0,92,1184,1092,1113,2528.5
weighted_round_robin,3,13.0,55,22.793,25.568,1.0,26,1118,1115,1141,2528.5
weighted_round_robin,3,14.0,37,23.217,26.152,1.0,22,1142,1129,1151,2528.5
weighted_round_robin,3,15.0,81,22.762,25.643,1.0,24,1159,1152,1176,2528.5
weighted_round_robin,3,16.0,83,22.516,25.453,1.0,31,1104,1099,1130,2528.5
weighted_round_robin,3,17.0,1,22.516,25.453,1.0,31,1104,1099,1130,2528.5
weighted_round_robin,3,18.0,86,22.868,25.717,1.0,29,1124,1119,1148,2528.5
weighted_round_robin,3,19.0,84,28.591,39.846,1.0,46,1151,1141,1187,2528.5
weighted_round_robin,3,20.0,81,22.677,25.393,1.0,25,1103,1104,1128,2528.5
weighted_round_robin,3,21.0,1,22.677,25.393,1.0,25,1103,1104,1128,2528.5
weighted_round_robin,3,22.0,85,22.998,25.862,1.0,27,1121,1122,1148,2528.5
weighted_round_robin,3,23.0,84,23.368,26.343,1.0,23,1148,1143,1166,2528.5
weighted_round_robin,3,24.0,88,23.51,26.704,1.0,13,1092,1090,1103,2528.5
weighted_round_robin,3,25.0,31,23.39,26.329,1.0,13,1121,1117,1130,2528.5
weighted_round_robin,3,26.0,51,23.426,26.428,1.0,31,1148,1117,1130,2528.5
weighted_round_robin,3,27.0,84,23.721,26.531,1.0,13,1148,1145,1158,2528.5
weighted_round_robin,3,28.0,58,23.819,26.64,1.0,88,1176,1088,1103,2528.5
weighted_round_robin,3,29.0,25,23.796,27.227,1.0,17,1118,1115,1132,2528.5
weighted_round_robin,3,30.0,82,23.505,26.298,1.0,17,1145,1143,1160,2528.5
weighted_round_robin,3,31.0,84,23.407,26.293,1.0,13,1173,1170,1160,2528.5
weighted_round_robin,3,32.0,42,23.295,26.056,1.0,18,1173,1170,1188,2528.5
weighted_round_robin,3,33.0,45,23.074,26.339,1.0,19,1114,1115,1133,2528.5
weighted_round_robin,3,34.0,82,23.193,25.936,1.0,19,1143,1140,1159,2528.5
weighted_round_robin,3,35.0,81,22.657,25.988,1.0,22,1165,1168,1187,2528.5
weighted_round_robin,3,36.0,41,22.818,26.037,1.0,85,1102,1168,1187,2528.5
weighted_round_robin,3,37.0,45,22.81,25.497,1.0,29,1102,1103,1131,2528.5
weighted_round_robin,3,38.0,84,22.976,25.924,1.0,29,1122,1122,1151,2528.5
weighted_round_robin,3,39.0,86,23.638,26.868,1.0,29,1146,1141,1170,2528.5
weighted_round_robin,3,40.0,41,23.468,26.466,1.0,87,1091,1083,1170,2528.5
weighted_round_robin,3,41.0,46,23.52,26.606,1.0,49,1091,1083,1132,2528.5
weighted_round_robin,3,42.0,82,22.885,26.109,1.0,29,1125,1125,1154,2528.5
weighted_round_robin,3,43.0,67,22.738,25.857,1.0,32,1146,1142,1174,2528.5
weighted_round_robin,3,44.0,19,23.594,26.581,1.0,22,1095,1084,1106,2528.5
weighted_round_robin,3,45.0,86,23.639,26.703,1.0,38,1122,1084,1106,2528.5
weighted_round_robin,3,46.0,81,23.665,26.694,1.0,20,1122,1113,1133,2528.5
weighted_round_robin,3,47.0,70,23.477,26.367,1.0,18,1150,1141,1159,2528.5
weighted_round_robin,3,48.0,18,23.87,27.176,1.0,18,1179,1168,1186,2528.5
weighted_round_robin,3,49.0,19,23.54,26.407,1.0,17,1099,1093,1110,2528.5
weighted_round_robin,3,50.0,81,23.673,26.417,1.0,15,1125,1120,1110,2528.5
weighted_round_robin,3,51.0,84,23.723,26.55,1.0,14,1125,1120,1134,2528.5
weighted_round_robin,3,52.1,46,23.454,26.294,1.0,15,1153,1147,1162,2528.5
weighted_round_robin,3,53.1,42,23.42,26.369,1.0,18,1098,1094,1112,2528.5
weighted_round_robin,3,54.1,84,23.544,26.5,1.0,17,1126,1122,1139,2528.5
weighted_round_robin,3,55.1,81,23.157,26.266,1.0,18,1154,1149,1167,2528.5
weighted_round_robin,3,56.1,41,23.157,26.266,1.0,18,1154,1149,1167,2528.5
weighted_round_robin,3,57.1,45,22.752,25.526,1.0,23,1116,1122,1139,2528.5
weighted_round_robin,3,58.1,82,22.818,25.834,1.0,29,1135,1142,1164,2528.5
weighted_round_robin,3,59.1,84,23.154,26.194,1.0,37,1157,1161,1194,2528.5
random,1,0.0,0,23.481,26.277,1.0,0,0,0,0,2500.9
random,1,1.0,88,22.94,26.147,0.9936,1152,0,1125,1152,2500.9
random,1,2.0,86,23.69,26.907,0.9888,28,1159,1148,1176,2500.9
random,1,3.0,87,23.5,26.267,0.9864,29,1095,1088,1117,2500.9
random,1,4.0,31,23.523,26.438,0.9907,28,1114,1123,1142,2500.9
random,1,5.0,57,23.534,26.31,0.9948,2,1144,1143,1142,2500.9
random,1,6.0,88,23.462,26.218,0.9952,32,1144,1143,1175,2500.9
random,1,7.0,62,23.512,26.514,0.9973,33,1088,1089,1121,2500.9
random,1,8.0,20,23.71,26.468,0.9975,34,1119,1114,1148,2500.9
random,1,9.0,83,23.414,26.342,0.9974,26,1143,1152,1169,2500.9
random,1,10.0,87,22.977,25.931,0.997,38,1166,1177,1204,2500.9
random,1,11.0,66,23.15,25.983,0.9986,78,1126,1177,1204,2500.9
random,1,12.0,20,23.361,26.682,0.9984,43,1126,1132,1169,2500.9
random,1,13.0,82,22.75,25.389,0.999,50,1147,1146,1196,2500.9
random,1,14.0,89,23.294,26.369,0.9999,50,1166,1167,1216,2500.9
random,1,15.0,61,23.191,26.343,1.0,102,1131,1114,1216,2500.9
random,1,16.0,20,22.861,25.497,0.9999,36,1131,1114,1150,2500.9
random,1,17.0,84,23.02,26.163,1.0,36,1156,1134,1170,2500.9
random,1,18.0,82,23.243,26.29,0.9997,36,1178,1158,1194,2500.9
random,1,19.0,61,23.5,26.228,0.9996,41,1120,1099,1140,2500.9
random,1,20.0,21,23.605,26.549,0.9996,47,1151,1122,1169,2500.9
random,1,21.0,86,23.605,26.549,0.9999,47,1151,1122,1169,2500.9
random,1,22.0,81,23.725,26.525,0.9997,38,1182,1153,1191,2500.9
random,1,23.0,7,23.752,26.488,0.9997,71,1210,1176,1139,2500.9
random,1,24.0,80,23.399,26.384,0.9998,44,1155,1122,1166,2500.9
random,1,25.0,81,23.747,26.674,1.0,32,1182,1156,1188,2500.9
random,1,26.0,87,23.274,26.342,0.9999,49,1205,1156,1188,2500.9
random,1,27.0,1,23.519,26.752,0.9998,42,1205,1180,1222,2500.9
random,1,28.0,87,22.852,26.401,0.9997,46,1150,1118,1164,2500.9
random,1,29.0,85,22.673,25.463,0.9998,55,1168,1138,1193,2500.9
random,1,30.0,87,22.788,25.498,0.9999,47,1187,1159,1206,2500.9
random,1,31.0,1,23.051,26.208,0.9999,76,1130,1159,1206,2500.9
random,1,32.0,85,23.644,26.673,1.0,44,1130,1098,1142,2500.9
random,1,33.0,87,23.573,26.366,1.0,34,1159,1126,1160,2500.9
random,1,34.0,88,23.655,26.739,1.0,29,1177,1161,1190,2500.9
random,1,35.0,1,23.946,27.16,1.0,96,1206,1110,1129,2500.9
random,1,36.0,59,23.939,26.45,0.9999,10,1134,1124,1129,2500.9
random,1,37.0,87,23.734,26.389,0.9998,30,1134,1124,1154,2500.9
random,1,38.0,84,23.903,27.044,0.9997,16,1159,1161,1175,2500.9
random,1,39.0,42,23.451,26.337,0.9998,26,1183,1186,1209,2500.9
random,1,40.0,44,23.458,26.523,0.9998,37,1134,1120,1157,2500.9
random,1,41.0,86,23.771,26.673,0.9999,28,1162,1152,1180,2500.9
random,1,42.0,66,23.377,26.357,1.0,36,1188,1152,1180,2500.9
random,1,43.0,20,23.391,27.489,1.0,25,1188,1180,1205,2500.9
random,1,44.0,83,23.412,26.3,1.0,24,1168,1146,1170,2500.9
random,1,45.0,86,23.56,26.592,1.0,36,1195,1165,1201,2500.9
random,1,46.0,61,23.252,26.5,1.0,49,1214,1165,1201,2500.9
random,1,47.0,24,23.123,25.57,1.0,30,1214,1194,1224,2500.9
random,1,48.1,83,23.316,26.058,1.0,27,1177,1150,1156,2500.9
random,1,49.1,84,23.059,26.256,0.9999,16,1198,1182,1184,2500.9
random,1,50.1,61,23.036,26.249,0.9999,29,1211,1182,1184,2500.9
random,1,51.1,23,22.813,25.908,0.9999,7,1211,1207,1214,2500.9
random,1,52.1,88,22.884,25.628,0.9998,8,1133,1141,1139,2500.9
random,1,53.1,81,23.235,26.146,0.9998,8,1160,1158,1152,2500.9
random,1,54.1,68,23.227,25.958,0.9998,20,1190,1183,1170,2500.9
random,1,55.1,18,23.339,26.305,0.9999,47,1217,1205,1170,2500.9
random,1,56.1,86,23.706,26.802,0.9999,14,1217,1205,1203,2500.9
random,1,57.1,86,23.541,26.21,1.0,12,1166,1154,1163,2500.9
random,1,58.1,0,23.776,27.24,1.0,18,1190,1179,1197,2500.9
random,1,59.1,83,23.405,26.398,1.0,25,1227,1202,1220,2500.9
random,2,0.0,0,23.624,26.593,1.0,0,0,0,0,2442.5
random,2,1.0,83,23.018,26.16,0.9954,36,1211,1175,1178,2442.5
random,2,2.0,84,25.887,32.83,0.9863,28,1227,1199,1202,2442.5
random,2,3.0,82,22.982,25.933,0.9881,28,1159,1145,1131,2442.5
random,2,4.0,2,22.982,25.933,0.9894,28,1159,1145,1131,2442.5
random,2,5.0,87,23.713,26.519,0.9921,34,1182,1169,1148,2442.5
random,2,6.0,83,23.825,27.2,0.994,22,1213,1194,1191,2442.5
random,2,7.0,82,23.825,27.2,0.9919,22,1213,1194,1191,2442.5
random,2,8.0,1,23.312,26.163,0.9922,47,1174,1180,1133,2442.5
random,2,9.0,85,23.007,26.489,0.9898,60,1199,1216,1156,2442.5
random,2,10.0,84,22.772,25.761,0.9929,49,1210,1236,1187,2442.5
random,2,11.0,41,22.981,26.261,0.9892,54,1130,1178,1124,2442.5
random,2,12.0,45,23.152,26.312,0.989,54,1151,1178,1124,2442.5
random,2,13.0,86,23.294,26.046,0.9939,65,1151,1202,1137,2442.5
random,2,14.0,87,24.053,26.482,0.9946,59,1176,1222,1163,2442.5
random,2,15.0,41,23.345,26.165,0.9962,85,1127,1176,1091,2442.5
random,2,16.0,43,24.018,27.242,0.9962,81,1154,1202,1121,2442.5
random,2,17.0,84,23.732,26.737,0.9974,103,1187,1224,1121,2442.5
random,2,18.0,87,23.492,26.254,0.9977,75,1187,1224,1149,2442.5
random,2,19.0,84,28.836,40.158,0.9976,70,1120,1170,1100,2442.5
random,2,20.0,0,28.578,40.066,0.9976,73,1145,1200,1127,2442.5
random,2,21.0,83,23.365,26.082,0.9966,88,1171,1236,1148,2442.5
random,2,22.0,86,23.64,26.423,0.9961,96,1196,1269,1173,2442.5
random,2,23.0,86,23.64,26.423,0.9962,96,1196,1269,1173,2442.5
random,2,24.0,0,23.483,26.427,0.9962,97,1133,1217,1120,2442.5
random,2,25.0,86,28.359,38.931,0.9954,110,1156,1253,1143,2442.5
random,2,26.0,82,23.111,26.2,0.9958,105,1172,1277,1178,2442.5
random,2,27.0,86,22.702,25.668,0.9966,101,1108,1209,1127,2442.5
random,2,28.0,0,22.702,25.668,0.9966,101,1108,1209,1127,2442.5
random,2,29.0,85,22.591,25.553,0.9972,92,1127,1219,1150,2442.5
random,2,30.0,86,23.211,26.066,0.9977,88,1154,1242,1166,2442.5
random,2,31.0,41,23.472,26.383,0.9981,79,1125,1186,1107,2442.5
random,2,32.0,45,23.411,26.338,0.998,83,1156,1214,1131,2442.5
random,2,33.0,82,23.455,26.459,0.9978,83,1178,1214,1131,2442.5
random,2,34.0,86,23.853,26.486,0.9976,82,1178,1243,1161,2442.5
random,2,35.0,41,23.308,26.343,0.9977,86,1201,1275,1189,2442.5
random,2,36.0,43,23.691,26.94,0.9975,95,1138,1226,1131,2442.5
random,2,37.0,86,23.526,26.576,0.9981,82,1165,1247,1166,2442.5
random,2,38.0,88,23.316,26.263,0.9987,103,1199,1269,1166,2442.5
random,2,39.0,46,23.328,26.267,0.9986,76,1199,1269,1193,2442.5
random,2,40.0,40,23.134,26.396,0.9984,88,1128,1216,1152,2442.5
random,2,41.0,81,23.149,26.165,0.9986,97,1139,1236,1186,2442.5
random,2,42.0,88,22.803,25.601,0.9987,99,1159,1258,1214,2442.5
random,2,43.0,51,23.447,26.317,0.9988,99,1092,1191,1157,2442.5
random,2,44.0,31,23.447,26.317,0.999,99,1092,1191,1157,2442.5
random,2,45.0,85,23.296,26.601,0.9983,81,1125,1206,1173,2442.5
random,2,46.0,81,23.74,26.913,0.998,103,1143,1246,1195,2442.5
random,2,47.0,56,23.676,26.88,0.9984,115,1164,1279,1224,2442.5
random,2,48.0,30,23.492,26.383,0.9984,89,1120,1209,1171,2442.5
random,2,49.0,84,23.424,26.363,0.9984,64,1145,1209,1171,2442.5
random,2,50.1,84,23.496,26.614,0.9984,91,1145,1236,1197,2442.5
random,2,51.1,7,23.509,26.124,0.9983,92,1175,1267,1219,2442.5
random,2,52.1,76,23.641,26.508,0.9983,96,1120,1216,1146,2442.5
random,2,53.1,81,23.427,26.17,0.9986,92,1146,1238,1181,2442.5
random,2,54.1,84,23.429,26.481,0.9989,89,1172,1261,1181,2442.5
random,2,55.1,11,23.419,26.478,0.9989,89,1172,1261,1213,2442.5
random,2,56.1,76,23.106,26.513,0.9991,112,1101,1213,1168,2442.5
random,2,57.1,83,23.016,26.076,0.9991,112,1118,1230,1204,2442.5
random,2,58.1,86,22.808,25.942,0.999,102,1147,1249,1233,2442.5
random,2,59.1,11,22.742,25.763,0.9991,87,1162,1249,1233,2442.5
random,3,0.0,0,23.723,26.957,1.0,0,0,0,0,2038.3
random,3,1.0,86,23.438,26.842,0.9861,1199,0,1191,1199,2038.3
random,3,2.0,81,23.475,26.345,0.9954,79,1141,1220,1216,2038.3
random,3,3.0,87,23.594,26.492,0.9977,70,1097,1152,1167,2038.3
random,3,4.0,1,23.672,26.596,0.9974,76,1123,1177,1199,2038.3
random,3,5.0,84,23.347,26.177,0.9987,80,1149,1204,1229,2038.3
random,3,6.0,83,23.347,26.177,0.9989,80,1149,1204,1229,2038.3
random,3,7.0,36,23.682,26.938,0.9995,85,1100,1131,1185,2038.3
random,3,8.0,45,23.434,26.415,0.9997,83,1128,1160,1211,2038.3
random,3,9.0,86,23.284,26.231,0.9996,77,1161,1183,1238,2038.3
random,3,10.0,39,24.074,26.782,0.9996,79,1170,1193,1249,2038.3
random,3,11.0,77,24.074,26.782,0.9995,79,1170,1193,1249,2038.3
random,3,12.0,7,23.076,26.158,0.9997,87,1112,1144,1199,2038.3
random,3,13.0,83,22.928,25.678,0.9986,91,1133,1158,1224,2038.3
random,3,14.0,84,23.15,26.226,0.9996,87,1163,1195,1250,2038.3
random,3,15.0,83,22.941,26.237,0.9999,142,1108,1140,1250,2038.3
random,3,16.0,1,22.681,25.534,0.9999,86,1108,1140,1194,2038.3
random,3,17.0,83,22.763,25.934,0.9999,90,1125,1158,1215,2038.3
random,3,18.0,85,22.619,25.448,1.0,92,1145,1181,1237,2038.3
random,3,19.0,84,23.006,26.05,0.9999,142,1095,1106,1237,2038.3
random,3,20.0,1,23.321,26.144,0.9999,108,1095,1106,1203,2038.3
random,3,21.0,87,22.815,25.539,1.0,92,1130,1146,1222,2038.3
random,3,22.0,81,23.18,26.353,1.0,96,1148,1169,1244,2038.3
random,3,23.0,83,23.569,26.726,1.0,86,1096,1100,1182,2038.3
random,3,24.0,18,23.357,26.329,1.0,77,1125,1127,1202,2038.3
random,3,25.0,32,23.357,26.329,1.0,77,1125,1127,1202,2038.3
random,3,26.0,83,23.091,26.015,0.9999,84,1137,1141,1221,2038.3
random,3,27.0,86,23.483,26.617,1.0,86,1159,1172,1245,2038.3
random,3,28.0,66,23.558,26.524,1.0,92,1099,1118,1191,2038.3
random,3,29.0,16,23.801,27.317,1.0,80,1132,1147,1212,2038.3
random,3,30.0,86,23.444,26.352,0.9999,65,1161,1147,1212,2038.3
random,3,31.0,81,23.832,26.341,1.0,78,1161,1170,1239,2038.3
random,3,32.0,0,23.39,26.029,1.0,73,1116,1107,1180,2038.3
random,3,33.0,83,23.555,26.26,0.9999,67,1147,1136,1203,2038.3
random,3,34.0,82,23.397,26.358,0.9999,68,1177,1161,1229,2038.3
random,3,35.0,84,23.076,25.989,0.9997,106,1123,1161,1229,2038.3
random,3,36.0,0,23.502,27.556,0.9997,57,1123,1107,1164,2038.3
random,3,37.0,81,23.17,26.018,0.9998,69,1143,1126,1195,2038.3
random,3,38.0,83,23.041,25.67,0.9999,68,1160,1145,1213,2038.3
random,3,39.0,83,23.128,26.251,0.9998,39,1181,1167,1142,2038.3
random,3,40.0,3,23.638,26.982,0.9998,19,1127,1123,1142,2038.3
random,3,41.0,84,23.949,27.076,0.9999,66,1127,1123,1189,2038.3
random,3,42.0,81,22.933,25.577,0.9998,66,1161,1155,1221,2038.3
random,3,43.0,86,23.05,26.041,0.9999,24,1184,1168,1160,2038.3
random,3,44.0,0,23.28,26.662,0.9999,31,1137,1168,1160,2038.3
random,3,45.0,85,23.404,26.694,1.0,86,1137,1094,1180,2038.3
random,3,46.0,83,23.485,26.446,1.0,71,1159,1128,1199,2038.3
random,3,47.0,45,23.241,26.227,1.0,71,1189,1154,1225,2038.3
random,3,48.0,24,23.8,26.568,1.0,79,1131,1088,1167,2038.3
random,3,49.0,22,23.361,26.169,1.0,77,1135,1090,1167,2038.3
random,3,50.1,82,23.483,26.396,1.0,84,1135,1090,1174,2038.3
random,3,51.1,70,24.293,27.362,1.0,91,1165,1113,1204,2038.3
random,3,52.1,10,23.639,26.713,0.9999,68,1111,1068,1136,2038.3
random,3,53.1,83,23.344,26.189,0.9999,73,1143,1091,1164,2038.3
random,3,54.1,83,23.632,26.39,0.9998,85,1170,1113,1198,2038.3
random,3,55.1,72,23.632,26.39,0.9998,85,1170,1113,1198,2038.3
random,3,56.1,14,23.162,26.421,0.9998,70,1199,1140,1129,2038.3
random,3,57.1,86,22.812,25.567,0.9998,62,1140,1093,1155,2038.3
random,3,58.1,84,22.664,25.538,0.9998,67,1153,1113,1180,2038.3
random,3,59.1,74,22.934,26.036,0.9999,41,1176,1139,1180,2038.3
least_connections,1,0.0,0,23.269,26.199,1.0,0,0,0,0,2307.6
least_connections,1,1.0,57,23.847,26.494,0.9766,42,1133,1097,1139,2307.6
least_connections,1,2.0,86,23.584,26.453,0.9659,52,1159,1120,1172,2307.6
least_connections,1,3.0,82,23.366,26.459,0.9978,101,1103,1071,1172,2307.6
least_connections,1,4.0,53,23.253,26.153,0.9998,34,1103,1071,1105,2307.6
least_connections,1,5.0,30,23.188,26.142,0.9999,42,1136,1094,1131,2307.6
least_connections,1,6.0,84,23.609,26.052,0.9992,46,1169,1123,1152,2307.6
least_connections,1,7.0,87,23.067,26.567,0.9998,38,1188,1150,1188,2307.6
least_connections,1,8.0,73,23.034,26.571,0.9982,75,1130,1113,1188,2307.6
least_connections,1,9.0,14,22.547,25.339,0.9977,45,1130,1113,1158,2307.6
least_connections,1,10.0,81,22.755,25.545,0.9982,50,1143,1128,1178,2307.6
least_connections,1,11.0,84,23.097,26.103,0.9992,50,1169,1148,1198,2307.6
least_connections,1,12.0,83,23.301,26.207,0.9986,43,1116,1088,1131,2307.6
least_connections,1,13.0,4,23.234,26.049,0.9986,55,1149,1106,1161,2307.6
least_connections,1,14.0,86,23.234,26.049,0.9989,55,1149,1106,1161,2307.6
least_connections,1,15.0,82,23.712,26.53,0.9984,55,1174,1135,1190,2307.6
least_connections,1,16.0,78,23.489,26.628,0.9984,54,1119,1081,1135,2307.6
least_connections,1,17.0,4,23.639,26.672,0.9986,58,1152,1104,1162,2307.6
least_connections,1,18.0,84,23.491,26.417,0.999,54,1177,1135,1189,2307.6
least_connections,1,19.0,86,23.449,26.405,0.9994,66,1201,1135,1189,2307.6
least_connections,1,20.0,51,23.402,26.264,0.9993,47,1201,1168,1215,2307.6
least_connections,1,21.0,37,23.713,26.315,0.9993,53,1153,1106,1159,2307.6
least_connections,1,22.0,81,22.622,25.481,0.9991,63,1165,1129,1192,2307.6
least_connections,1,23.0,83,22.454,25.13,0.9992,64,1184,1148,1212,2307.6
least_connections,1,24.0,31,23.075,26.262,0.9993,133,1124,1079,1212,2307.6
least_connections,1,25.0,53,23.213,26.303,0.9995,70,1124,1079,1149,2307.6
least_connections,1,26.0,86,23.618,26.547,0.9993,62,1155,1104,1166,2307.6
least_connections,1,27.0,85,23.508,26.327,0.9997,62,1178,1133,1195,2307.6
least_connections,1,28.0,52,23.572,26.492,0.9997,53,1141,1093,1146,2307.6
least_connections,1,29.0,33,23.388,26.334,0.9998,51,1170,1121,1172,2307.6
least_connections,1,30.0,84,23.248,25.955,1.0,76,1197,1121,1172,2307.6
least_connections,1,31.0,84,23.297,26.097,0.9998,62,1218,1156,1193,2307.6
least_connections,1,32.0,65,23.311,26.134,0.9997,33,1218,1189,1222,2307.6
least_connections,1,33.0,20,23.641,27.043,0.9997,24,1142,1144,1166,2307.6
least_connections,1,34.0,86,23.826,26.924,0.9997,27,1169,1170,1196,2307.6
least_connections,1,35.0,56,23.975,27.126,0.9998,12,1184,1187,1196,2307.6
least_connections,1,36.0,81,23.311,26.374,0.9997,96,1116,1122,1212,2307.6
least_connections,1,37.0,31,23.517,26.929,0.9996,35,1116,1122,1151,2307.6
least_connections,1,38.0,56,23.511,26.657,0.9995,44,1136,1156,1180,2307.6
least_connections,1,39.0,84,23.742,26.811,0.9997,45,1165,1180,1210,2307.6
least_connections,1,40.0,82,23.658,26.74,0.9998,102,1108,1118,1210,2307.6
least_connections,1,41.0,17,23.741,26.963,0.9998,22,1108,1118,1130,2307.6
least_connections,1,42.0,63,23.193,26.2,0.9999,43,1116,1126,1159,2307.6
least_connections,1,43.0,84,23.697,27.419,1.0,21,1176,1162,1183,2307.6
least_connections,1,44.0,81,23.565,27.379,1.0,36,1147,1162,1183,2307.6
least_connections,1,45.0,5,22.967,26.287,1.0,18,1147,1137,1155,2307.6
least_connections,1,46.0,86,22.357,25.444,1.0,32,1167,1152,1184,2307.6
least_connections,1,47.0,86,23.236,26.205,1.0,18,1209,1191,1207,2307.6
least_connections,1,48.0,83,22.822,25.548,0.9999,58,1149,1191,1207,2307.6
least_connections,1,49.0,0,22.9,26.057,0.9999,5,1149,1149,1144,2307.6
least_connections,1,50.0,83,22.841,25.729,1.0,13,1163,1167,1176,2307.6
least_connections,1,51.0,83,22.673,25.434,1.0,10,1185,1183,1193,2307.6
least_connections,1,52.0,86,23.112,26.25,1.0,9,1206,1206,1215,2307.6
least_connections,1,53.0,1,23.062,26.018,1.0,69,1146,1154,1215,2307.6
least_connections,1,54.0,86,23.358,26.154,0.9999,8,1146,1154,1147,2307.6
least_connections,1,55.1,84,23.361,26.055,1.0,17,1172,1187,1170,2307.6
least_connections,1,56.1,81,23.65,26.875,1.0,14,1199,1213,1200,2307.6
least_connections,1,57.1,11,23.331,26.233,1.0,8,1172,1177,1180,2307.6
least_connections,1,58.1,75,23.25,26.01,1.0,5,1203,1202,1207,2307.6
least_connections,1,59.1,86,23.249,26.005,1.0,30,1232,1202,1207,2307.6
least_connections,2,0.0,0,23.881,26.856,1.0,0,0,0,0,1774.8
least_connections,2,1.0,88,23.564,26.717,0.9807,1169,1169,1168,0,1774.8
least_connections,2,2.0,83,23.279,26.067,0.9921,5,1169,1168,1173,1774.8
least_connections,2,3.0,85,23.318,26.138,0.9868,5,1200,1195,1198,1774.8
least_connections,2,4.0,11,23.39,26.254,0.9899,34,1162,1136,1128,1774.8
least_connections,2,5.0,72,23.387,26.078,0.9948,25,1185,1164,1160,1774.8
least_connections,2,6.0,84,22.754,25.818,0.9959,21,1209,1190,1188,1774.8
least_connections,2,7.0,51,22.754,25.818,0.9965,21,1209,1190,1188,1774.8
least_connections,2,8.0,31,23.16,25.792,0.997,21,1150,1146,1129,1774.8
least_connections,2,9.0,87,22.897,25.881,0.9982,13,1165,1176,1163,1774.8
least_connections,2,10.0,84,22.892,25.523,0.9983,13,1183,1196,1195,1774.8
least_connections,2,11.0,71,22.503,25.389,0.998,18,1199,1213,1217,1774.8
least_connections,2,12.0,10,22.503,25.389,0.9984,18,1199,1213,1217,1774.8
least_connections,2,13.0,76,23.525,26.484,0.9995,42,1138,1180,1153,1774.8
least_connections,2,14.0,86,22.647,25.522,0.9986,24,1173,1197,1186,1774.8
least_connections,2,15.0,86,22.579,25.438,0.9995,25,1190,1215,1210,1774.8
least_connections,2,16.0,31,22.714,25.802,0.9993,77,1138,1215,1210,1774.8
least_connections,2,17.0,51,23.018,25.795,0.9992,20,1138,1158,1151,1774.8
least_connections,2,18.0,45,23.397,26.48,0.9997,19,1163,1182,1168,1774.8
least_connections,2,19.0,82,22.531,25.322,0.9996,13,1193,1204,1191,1774.8
least_connections,2,20.0,84,22.553,25.367,0.9993,55,1149,1204,1191,1774.8
least_connections,2,21.0,7,23.495,26.43,0.9994,4,1149,1146,1145,1774.8
least_connections,2,22.0,76,23.183,26.05,0.9996,9,1176,1178,1169,1774.8
least_connections,2,23.0,83,22.363,25.228,0.9995,6,1191,1197,1197,1774.8
least_connections,2,24.0,86,27.702,38.722,0.9992,18,1123,1126,1141,1774.8
least_connections,2,25.0,21,27.817,38.775,0.9992,6,1147,1142,1141,1774.8
least_connections,2,26.0,63,22.851,25.96,0.9995,21,1147,1142,1163,1774.8
least_connections,2,27.0,89,23.134,25.843,0.9996,6,1174,1171,1177,1774.8
least_connections,2,28.0,87,23.354,26.138,0.9996,106,1205,1099,1125,1774.8
least_connections,2,29.0,31,23.389,26.157,0.9995,34,1161,1127,1150,1774.8
least_connections,2,30.0,55,23.778,26.451,0.9997,36,1190,1154,1177,1774.8
least_connections,2,31.0,87,23.778,26.451,0.9999,36,1190,1154,1177,1774.8
least_connections,2,32.0,56,23.342,26.063,0.9999,20,1210,1190,1204,1774.8
least_connections,2,33.0,31,23.31,26.051,0.9999,25,1164,1139,1150,1774.8
least_connections,2,34.0,86,23.087,26.012,0.9998,35,1196,1161,1179,1774.8
least_connections,2,35.0,86,22.886,25.86,0.9997,31,1216,1185,1212,1774.8
least_connections,2,36.0,61,22.882,25.883,0.9997,90,1153,1122,1212,1774.8
least_connections,2,37.0,20,22.857,25.816,0.9997,35,1153,1122,1157,1774.8
least_connections,2,38.0,87,23.016,26.492,0.9996,34,1175,1141,1175,1774.8
least_connections,2,39.0,87,22.983,26.058,0.9996,43,1202,1159,1194,1774.8
least_connections,2,40.0,71,23.284,26.1,0.9996,89,1230,1175,1141,1774.8
least_connections,2,41.0,11,23.504,26.783,0.9996,35,1146,1136,1171,1774.8
least_connections,2,42.0,85,23.504,26.783,0.9992,35,1146,1136,1171,1774.8
least_connections,2,43.0,86,23.287,26.055,0.9993,50,1178,1154,1204,1774.8
least_connections,2,44.0,83,23.353,26.367,0.9993,41,1207,1184,1225,1774.8
least_connections,2,45.0,1,23.31,26.081,0.9993,57,1139,1108,1165,1774.8
least_connections,2,46.0,85,23.3,26.077,0.9993,53,1166,1138,1191,1774.8
least_connections,2,47.0,87,23.306,26.104,0.999,43,1203,1160,1191,1774.8
least_connections,2,48.0,88,23.277,26.095,0.9992,55,1203,1160,1215,1774.8
least_connections,2,49.0,7,23.368,26.347,0.9992,57,1150,1093,1149,1774.8
least_connections,2,50.1,75,23.645,26.716,0.9993,57,1173,1122,1179,1774.8
least_connections,2,51.1,86,23.298,26.13,0.9997,48,1184,1138,1186,1774.8
least_connections,2,52.1,21,23.3,26.121,0.9996,33,1196,1163,1186,1774.8
least_connections,2,53.1,60,23.081,26.056,0.9997,52,1196,1163,1144,1774.8
least_connections,2,54.1,81,22.347,25.234,0.9997,33,1145,1126,1159,1774.8
least_connections,2,55.1,86,22.789,25.998,0.9997,34,1170,1147,1181,1774.8
least_connections,2,56.1,41,23.199,26.034,0.9997,30,1198,1168,1181,1774.8
least_connections,2,57.1,46,23.371,26.085,0.9996,30,1198,1168,1189,1774.8
least_connections,2,58.1,84,22.511,25.247,0.9997,41,1195,1169,1210,1774.8
least_connections,2,59.1,84,23.028,25.933,0.9998,34,1218,1193,1227,1774.8
least_connections,3,0.0,0,23.158,25.989,1.0,0,0,0,0,1858.5
least_connections,3,1.0,83,23.308,26.066,0.9911,17,1157,1154,1171,1858.5
least_connections,3,2.0,87,23.36,26.257,0.9946,14,1183,1185,1171,1858.5
least_connections,3,3.0,31,23.379,26.263,0.9923,14,1183,1185,1197,1858.5
least_connections,3,4.0,52,23.119,26.023,0.9949,12,1138,1135,1147,1858.5
least_connections,3,5.0,83,22.426,25.23,0.996,22,1154,1158,1176,1858.5
least_connections,3,6.0,84,22.916,25.551,0.9963,39,1171,1170,1209,1858.5
least_connections,3,7.0,41,22.812,25.492,0.995,39,1204,1170,1209,1858.5
least_connections,3,8.0,43,22.488,25.222,0.9943,46,1204,1194,1240,1858.5
least_connections,3,9.0,84,22.86,25.885,0.9948,48,1148,1119,1167,1858.5
least_connections,3,10.0,85,23.001,25.869,0.9958,46,1171,1144,1190,1858.5
least_connections,3,11.0,84,23.26,26.323,0.9946,16,1193,1177,1190,1858.5
least_connections,3,12.0,0,23.437,26.375,0.9946,69,1193,1177,1246,1858.5
least_connections,3,13.0,85,22.596,25.313,0.9957,47,1135,1146,1182,1858.5
least_connections,3,14.0,92,23.234,26.123,0.9968,57,1155,1187,1212,1858.5
least_connections,3,15.0,84,22.894,26.151,0.996,50,1196,1206,1246,1858.5
least_connections,3,16.0,39,23.026,26.191,0.9957,94,1152,1206,1246,1858.5
least_connections,3,17.0,45,22.649,25.44,0.9957,47,1152,1160,1199,1858.5
least_connections,3,18.0,85,22.998,25.809,0.9967,46,1170,1179,1216,1858.5
least_connections,3,19.0,84,23.179,26.061,0.9977,57,1202,1196,1253,1858.5
least_connections,3,20.0,52,22.967,25.752,0.9969,102,1151,1158,1253,1858.5
least_connections,3,21.0,34,22.785,25.272,0.9972,48,1151,1158,1199,1858.5
least_connections,3,22.0,83,22.699,25.697,0.9982,41,1175,1175,1216,1858.5
least_connections,3,23.0,83,23.209,26.114,0.9988,28,1203,1200,1228,1858.5
least_connections,3,24.0,86,23.386,26.42,0.9987,32,1143,1144,1175,1858.5
least_connections,3,25.0,11,23.54,26.631,0.9988,39,1166,1174,1205,1858.5
least_connections,3,26.0,77,23.54,26.631,0.9989,39,1166,1174,1205,1858.5
least_connections,3,27.0,83,23.236,25.98,0.999,37,1197,1197,1234,1858.5
least_connections,3,28.0,28,23.231,26.141,0.9989,40,1228,1221,1261,1858.5
least_connections,3,29.0,55,23.637,26.848,0.9991,51,1178,1158,1209,1858.5
least_connections,3,30.0,86,23.344,26.417,0.9994,45,1207,1188,1233,1858.5
least_connections,3,31.0,84,23.362,26.169,0.9997,16,1236,1220,1233,1858.5
least_connections,3,32.0,31,23.391,26.178,0.9998,35,1236,1220,1255,1858.5
least_connections,3,33.0,51,26.692,28.625,0.9998,16,1177,1179,1193,1858.5
least_connections,3,34.0,85,23.159,25.857,0.9998,17,1202,1212,1219,1858.5
least_connections,3,35.0,87,27.961,39.587,0.9999,8,1233,1241,1239,1858.5
least_connections,3,36.0,31,27.961,39.587,1.0,8,1233,1241,1239,1858.5
least_connections,3,37.0,53,22.531,25.375,1.0,5,1173,1177,1172,1858.5
least_connections,3,38.0,84,22.759,25.718,1.0,8,1190,1198,1194,1858.5
least_connections,3,39.0,86,23.145,26.039,0.9999,7,1213,1218,1211,1858.5
least_connections,3,40.0,41,23.07,25.899,0.9999,43,1234,1254,1211,1858.5
least_connections,3,41.0,45,23.316,26.152,0.9999,96,1234,1254,1158,1858.5
least_connections,3,42.0,81,22.554,25.191,0.9999,47,1168,1215,1175,1858.5
least_connections,3,43.0,83,22.829,25.953,1.0,47,1190,1237,1194,1858.5
least_connections,3,44.0,61,23.0,26.007,1.0,42,1228,1252,1210,1858.5
least_connections,3,45.0,21,23.145,26.4,0.9999,96,1156,1252,1210,1858.5
least_connections,3,46.0,86,23.366,26.473,0.9999,34,1156,1177,1143,1858.5
least_connections,3,47.0,89,23.244,26.026,0.9999,38,1187,1205,1167,1858.5
least_connections,3,48.0,35,28.297,38.996,0.9999,43,1218,1233,1190,1858.5
least_connections,3,49.0,12,28.292,38.994,0.9999,66,1167,1233,1190,1858.5
least_connections,3,50.0,70,28.292,38.994,0.9999,66,1167,1233,1190,1858.5
least_connections,3,51.1,86,25.617,25.942,0.9999,47,1167,1214,1193,1858.5
least_connections,3,52.1,46,22.561,25.162,0.9999,38,1223,1231,1193,1858.5
least_connections,3,53.1,38,22.575,25.194,0.9999,22,1223,1231,1209,1858.5
least_connections,3,54.1,85,23.044,25.927,0.9998,6,1141,1141,1135,1858.5
least_connections,3,55.1,83,23.667,26.703,0.9998,26,1176,1168,1150,1858.5
least_connections,3,56.1,54,23.271,26.16,0.9998,29,1206,1194,1177,1858.5
least_connections,3,57.1,32,23.282,26.007,0.9998,28,1196,1174,1168,1858.5
least_connections,3,58.1,86,23.282,26.007,0.9999,28,1196,1174,1168,1858.5
least_connections,3,59.1,85,23.259,26.095,0.9999,27,1225,1198,1198,1858.5
hash_based,1,0.0,0,23.276,26.653,1.0,0,0,0,0,2122.3
hash_based,1,1.0,92,22.683,25.619,0.9682,1143,0,0,1143,2122.3
hash_based,1,2.0,87,23.103,26.038,0.9903,53,1215,1170,1162,2122.3
hash_based,1,3.0,88,23.301,26.086,0.9907,57,1246,1189,1189,2122.3
hash_based,1,4.0,26,23.301,26.078,0.9919,74,1193,1147,1119,2122.3
hash_based,1,5.0,58,23.315,26.094,0.9927,77,1223,1173,1146,2122.3
hash_based,1,6.0,86,23.315,26.094,0.9977,77,1223,1173,1146,2122.3
hash_based,1,7.0,84,23.524,26.681,0.9999,70,1245,1203,1175,2122.3
hash_based,1,8.0,41,23.212,26.102,1.0,72,1192,1145,1120,2122.3
hash_based,1,9.0,42,23.862,26.863,0.9998,63,1216,1171,1153,2122.3
hash_based,1,10.0,84,23.167,26.004,0.9999,68,1246,1199,1178,2122.3
hash_based,1,11.0,85,23.178,26.004,0.9998,99,1277,1199,1178,2122.3
hash_based,1,12.0,51,23.24,26.013,0.9997,75,1277,1227,1202,2122.3
hash_based,1,13.0,33,23.418,26.39,0.9998,89,1227,1175,1138,2122.3
hash_based,1,14.0,87,23.281,26.683,0.9994,90,1254,1202,1164,2122.3
hash_based,1,15.0,83,22.893,25.307,0.9996,82,1276,1226,1194,2122.3
hash_based,1,16.0,61,22.56,25.343,0.9999,28,1200,1172,1194,2122.3
hash_based,1,17.0,20,22.547,25.308,0.9998,67,1200,1172,1133,2122.3
hash_based,1,18.0,88,22.818,25.655,0.9997,64,1216,1195,1152,2122.3
hash_based,1,19.0,82,23.334,26.167,0.9994,74,1245,1215,1171,2122.3
hash_based,1,20.0,19,23.456,26.368,0.9995,84,1193,1154,1109,2122.3
hash_based,1,21.0,66,23.304,26.088,0.9995,79,1218,1182,1139,2122.3
hash_based,1,22.0,85,23.335,26.088,0.9995,110,1249,1182,1139,2122.3
hash_based,1,23.0,87,23.335,26.059,0.9991,85,1249,1209,1164,2122.3
hash_based,1,24.0,41,23.128,25.901,0.999,97,1286,1230,1189,2122.3
hash_based,1,25.0,44,23.362,26.142,0.9993,91,1223,1185,1132,2122.3
hash_based,1,26.0,84,23.315,26.079,0.9993,94,1250,1215,1156,2122.3
hash_based,1,27.0,83,23.291,26.069,0.999,120,1276,1251,1156,2122.3
hash_based,1,28.0,61,23.303,26.073,0.9994,99,1276,1251,1177,2122.3
hash_based,1,29.0,23,23.022,26.108,0.9993,79,1215,1187,1136,2122.3
hash_based,1,30.0,86,23.052,26.185,0.9992,80,1241,1214,1161,2122.3
hash_based,1,31.0,84,22.601,25.333,0.9984,82,1259,1247,1177,2122.3
hash_based,1,32.0,83,22.475,25.256,0.9986,62,1190,1177,1128,2122.3
hash_based,1,33.0,2,22.475,25.256,0.9985,62,1190,1177,1128,2122.3
hash_based,1,34.0,82,23.154,25.976,0.9981,57,1209,1192,1152,2122.3
hash_based,1,35.0,89,23.486,26.354,0.9988,83,1267,1240,1184,2122.3
hash_based,1,36.0,82,23.247,26.351,0.9987,118,1285,1167,1184,2122.3
hash_based,1,37.0,16,23.164,26.297,0.9988,160,1285,1167,1125,2122.3
hash_based,1,38.0,67,22.934,26.025,0.999,63,1218,1187,1155,2122.3
hash_based,1,39.0,85,22.678,25.526,0.999,61,1243,1214,1182,2122.3
hash_based,1,40.0,71,22.718,25.559,0.9989,79,1261,1231,1182,2122.3
hash_based,1,41.0,16,22.685,25.468,0.9989,127,1261,1231,1134,2122.3
hash_based,1,42.0,84,22.823,25.86,0.9987,56,1187,1213,1157,2122.3
hash_based,1,43.0,81,22.685,25.621,0.9986,60,1222,1240,1180,2122.3
hash_based,1,44.0,83,22.695,25.531,0.9983,58,1242,1260,1202,2122.3
hash_based,1,45.0,1,22.704,25.531,0.9983,64,1196,1260,1202,2122.3
hash_based,1,46.0,82,22.664,25.528,0.9985,55,1196,1190,1141,2122.3
hash_based,1,47.0,86,23.415,26.768,0.9986,48,1227,1206,1179,2122.3
hash_based,1,48.0,83,22.655,25.319,0.9987,57,1262,1246,1205,2122.3
hash_based,1,49.0,1,22.655,25.319,0.9987,57,1262,1246,1205,2122.3
hash_based,1,50.0,85,22.741,25.373,0.9986,53,1187,1195,1142,2122.3
hash_based,1,51.1,85,22.926,26.028,0.9986,64,1219,1212,1155,2122.3
hash_based,1,52.1,78,23.369,26.177,0.9986,62,1243,1241,1181,2122.3
hash_based,1,53.1,11,23.221,26.119,0.9985,77,1177,1196,1119,2122.3
hash_based,1,54.1,74,23.206,25.985,0.9982,116,1201,1235,1119,2122.3
hash_based,1,55.1,87,23.202,25.977,0.998,96,1201,1235,1139,2122.3
hash_based,1,56.1,83,23.393,26.208,0.998,102,1236,1262,1160,2122.3
hash_based,1,57.1,11,23.325,26.26,0.9981,113,1197,1243,1130,2122.3
hash_based,1,58.1,75,23.417,26.127,0.9984,106,1217,1271,1165,2122.3
hash_based,1,59.1,82,23.702,26.86,0.9982,114,1244,1303,1189,2122.3
hash_based,2,0.0,0,23.339,26.146,1.0,0,0,0,0,1887.5
hash_based,2,1.0,84,23.308,26.087,0.9891,101,1180,1246,1145,1887.5
hash_based,2,2.0,88,23.394,26.251,0.9939,101,1205,1275,1174,1887.5
hash_based,2,3.0,82,23.202,26.251,0.9844,118,1157,1275,1174,1887.5
hash_based,2,4.0,7,23.359,26.46,0.9802,101,1157,1223,1122,1887.5
hash_based,2,5.0,74,22.205,24.908,0.9866,89,1170,1242,1153,1887.5
hash_based,2,6.0,87,23.173,26.072,0.9953,106,1189,1280,1174,1887.5
hash_based,2,7.0,87,22.652,25.993,0.999,127,1227,1301,1174,1887.5
hash_based,2,8.0,0,22.511,25.613,0.999,179,1227,1301,1122,1887.5
hash_based,2,9.0,84,22.447,25.115,0.9994,92,1155,1238,1146,1887.5
hash_based,2,10.0,85,22.745,25.448,0.998,78,1179,1249,1171,1887.5
hash_based,2,11.0,84,23.048,25.976,0.9986,80,1202,1270,1190,1887.5
hash_based,2,12.0,7,23.483,26.473,0.9984,84,1148,1214,1130,1887.5
hash_based,2,13.0,84,23.483,26.473,0.9981,84,1148,1214,1130,1887.5
hash_based,2,14.0,85,23.712,26.656,0.9979,82,1196,1241,1159,1887.5
hash_based,2,15.0,81,23.483,26.141,0.9969,86,1196,1274,1188,1887.5
hash_based,2,16.0,32,23.592,26.533,0.9972,88,1131,1219,1139,1887.5
hash_based,2,17.0,52,23.487,26.213,0.9968,83,1158,1241,1173,1887.5
hash_based,2,18.0,86,23.366,26.198,0.9975,92,1190,1265,1173,1887.5
hash_based,2,19.0,86,23.584,26.179,0.9973,65,1218,1265,1200,1887.5
hash_based,2,20.0,81,23.617,26.199,0.9975,70,1218,1225,1155,1887.5
hash_based,2,21.0,0,23.435,26.012,0.9975,78,1156,1234,1184,1887.5
hash_based,2,22.0,86,23.55,26.131,0.9985,84,1183,1267,1207,1887.5
hash_based,2,23.0,84,23.649,26.347,0.9982,89,1204,1293,1236,1887.5
hash_based,2,24.0,86,23.413,26.586,0.9986,71,1158,1229,1184,1887.5
hash_based,2,25.0,1,23.413,26.586,0.9986,71,1158,1229,1184,1887.5
hash_based,2,26.0,80,23.128,26.224,0.9994,76,1186,1262,1202,1887.5
hash_based,2,27.0,84,22.829,25.729,0.9997,87,1202,1289,1225,1887.5
hash_based,2,28.0,86,22.659,25.656,0.9997,81,1125,1206,1169,1887.5
hash_based,2,29.0,7,23.287,26.189,0.9997,69,1149,1218,1176,1887.5
hash_based,2,30.0,80,23.287,26.189,0.9998,69,1149,1218,1176,1887.5
hash_based,2,31.0,84,23.215,26.083,0.9997,68,1176,1244,1205,1887.5
hash_based,2,32.0,64,23.337,26.241,0.9998,127,1204,1268,1141,1887.5
hash_based,2,33.0,22,23.554,26.678,0.9998,58,1142,1200,1166,1887.5
hash_based,2,34.0,81,23.259,26.114,0.9996,70,1159,1229,1195,1887.5
hash_based,2,35.0,82,23.259,26.114,0.9996,70,1159,1229,1195,1887.5
hash_based,2,36.0,68,23.331,26.305,0.9996,68,1180,1248,1219,1887.5
hash_based,2,37.0,20,23.209,25.838,0.9997,59,1128,1187,1167,1887.5
hash_based,2,38.0,86,23.315,26.122,0.9996,52,1158,1210,1197,1887.5
hash_based,2,39.0,87,23.32,26.05,0.9993,50,1185,1228,1235,1887.5
hash_based,2,40.0,76,23.146,26.05,0.9995,109,1126,1228,1235,1887.5
hash_based,2,41.0,8,23.354,26.717,0.9996,61,1126,1171,1187,1887.5
hash_based,2,42.0,86,22.893,25.749,0.9993,81,1143,1193,1224,1887.5
hash_based,2,43.0,82,22.771,25.582,0.9995,84,1159,1212,1243,1887.5
hash_based,2,44.0,83,22.738,25.33,0.9995,8,1188,1180,1181,1887.5
hash_based,2,45.0,1,23.098,26.034,0.9995,61,1122,1183,1181,1887.5
hash_based,2,46.0,81,23.243,26.077,0.9996,97,1122,1183,1219,1887.5
hash_based,2,47.0,83,23.038,26.059,0.9995,95,1153,1234,1248,1887.5
hash_based,2,48.0,85,22.827,25.83,0.9994,55,1187,1150,1205,1887.5
hash_based,2,49.0,1,22.886,25.83,0.9995,73,1132,1150,1205,1887.5
hash_based,2,50.0,85,23.321,26.399,0.9995,95,1132,1184,1227,1887.5
hash_based,2,51.0,83,22.408,25.053,0.9996,81,1173,1210,1254,1887.5
hash_based,2,52.0,29,22.449,25.053,0.9996,96,1158,1210,1254,1887.5
hash_based,2,53.0,57,23.252,26.474,0.9997,39,1158,1153,1192,1887.5
hash_based,2,54.1,82,22.814,25.781,0.9997,65,1150,1173,1215,1887.5
hash_based,2,55.1,86,22.623,25.485,0.9997,74,1160,1197,1234,1887.5
hash_based,2,56.1,41,22.747,25.485,0.9997,52,1182,1197,1234,1887.5
hash_based,2,57.1,45,23.34,26.209,0.9997,31,1182,1190,1213,1887.5
hash_based,2,58.1,88,22.57,25.363,0.9998,83,1158,1213,1241,1887.5
hash_based,2,59.1,82,22.692,25.535,0.9998,82,1180,1235,1262,1887.5
hash_based,3,0.0,0,23.418,26.233,1.0,0,0,0,0,1771.8
hash_based,3,1.0,86,23.171,25.952,0.9791,66,1160,1191,1226,1771.8
hash_based,3,2.0,82,23.253,26.178,0.9922,68,1186,1220,1254,1771.8
hash_based,3,3.0,82,23.124,26.178,0.9852,143,1111,1220,1254,1771.8
hash_based,3,4.0,1,23.122,26.174,0.9848,88,1111,1162,1199,1771.8
hash_based,3,5.0,83,22.675,25.907,0.9911,96,1132,1189,1228,1771.8
hash_based,3,6.0,86,23.115,26.17,0.9859,117,1148,1211,1265,1771.8
hash_based,3,7.0,87,22.703,25.613,0.9871,123,1175,1234,1298,1771.8
hash_based,3,8.0,11,22.703,25.613,0.9848,123,1175,1234,1298,1771.8
hash_based,3,9.0,75,22.87,25.836,0.9858,116,1114,1170,1230,1771.8
hash_based,3,10.0,84,22.782,25.308,0.9903,125,1135,1190,1260,1771.8
hash_based,3,11.0,83,23.019,26.188,0.9918,126,1169,1231,1295,1771.8
hash_based,3,12.0,57,23.046,26.188,0.9924,150,1145,1231,1295,1771.8
hash_based,3,13.0,26,22.792,25.496,0.9949,81,1145,1168,1226,1771.8
hash_based,3,14.0,91,23.115,26.042,0.9942,63,1191,1196,1254,1771.8
hash_based,3,15.0,83,23.112,26.264,0.9956,62,1218,1221,1280,1771.8
hash_based,3,16.0,88,22.436,25.162,0.9951,80,1147,1173,1227,1771.8
hash_based,3,17.0,1,22.436,25.162,0.9952,80,1147,1173,1227,1771.8
hash_based,3,18.0,83,23.135,25.76,0.9959,79,1162,1194,1241,1771.8
hash_based,3,19.0,83,23.306,26.609,0.9973,55,1186,1227,1241,1771.8
hash_based,3,20.0,11,23.584,26.693,0.997,85,1186,1227,1271,1771.8
hash_based,3,21.0,72,22.749,25.635,0.9967,70,1169,1162,1232,1771.8
hash_based,3,22.0,83,22.694,25.501,0.9962,75,1189,1179,1254,1771.8
hash_based,3,23.0,81,22.91,25.693,0.996,79,1209,1194,1273,1771.8
hash_based,3,24.0,43,23.252,26.342,0.997,98,1144,1129,1227,1771.8
hash_based,3,25.0,44,23.252,26.342,0.9978,98,1144,1129,1227,1771.8
hash_based,3,26.0,85,23.356,26.195,0.9974,88,1181,1158,1246,1771.8
hash_based,3,27.0,83,23.544,26.932,0.9968,93,1212,1180,1273,1771.8
hash_based,3,28.0,66,23.671,26.22,0.9971,100,1150,1123,1223,1771.8
hash_based,3,29.0,20,23.479,26.849,0.997,99,1174,1153,1252,1771.8
hash_based,3,30.0,84,23.535,26.847,0.9972,74,1208,1178,1252,1771.8
hash_based,3,31.0,86,23.245,26.063,0.9977,98,1208,1178,1276,1771.8
hash_based,3,32.0,82,23.493,26.529,0.9982,97,1234,1207,1304,1771.8
hash_based,3,33.0,1,23.198,26.059,0.9983,97,1190,1146,1243,1771.8
hash_based,3,34.0,82,23.115,25.867,0.9977,111,1213,1169,1280,1771.8
hash_based,3,35.0,86,23.374,26.155,0.9979,114,1239,1196,1310,1771.8
hash_based,3,36.0,87,23.374,26.155,0.9981,114,1239,1196,1310,1771.8
hash_based,3,37.0,1,23.114,26.069,0.998,84,1182,1156,1240,1771.8
hash_based,3,38.0,84,22.965,26.095,0.9982,80,1210,1183,1263,1771.8
hash_based,3,39.0,84,22.994,25.968,0.9985,78,1230,1202,1280,1771.8
hash_based,3,40.0,44,23.447,26.174,0.9982,129,1246,1117,1194,1771.8
hash_based,3,41.0,40,23.403,26.174,0.9986,77,1190,1117,1194,1771.8
hash_based,3,42.0,86,23.751,27.032,0.9983,79,1190,1143,1222,1771.8
hash_based,3,43.0,85,23.64,26.534,0.9985,85,1223,1165,1250,1771.8
hash_based,3,44.0,59,23.308,26.184,0.9986,76,1255,1195,1271,1771.8
hash_based,3,45.0,27,23.299,26.165,0.9986,77,1205,1157,1234,1771.8
hash_based,3,46.0,86,23.476,26.529,0.9985,83,1232,1182,1265,1771.8
hash_based,3,47.0,92,23.476,26.529,0.9983,83,1232,1182,1265,1771.8
hash_based,3,48.0,92,23.668,26.272,0.9978,91,1261,1205,1296,1771.8
hash_based,3,49.0,38,23.673,26.185,0.9977,113,1194,1123,1236,1771.8
hash_based,3,50.1,46,23.743,27.073,0.9978,117,1221,1149,1266,1771.8
hash_based,3,51.1,86,23.213,26.14,0.9978,121,1244,1177,1298,1771.8
hash_based,3,52.1,82,23.302,26.14,0.9979,121,1265,1177,1298,1771.8
hash_based,3,53.1,52,23.501,26.399,0.998,168,1265,1097,1235,1771.8
hash_based,3,54.1,34,23.33,26.205,0.998,134,1208,1122,1256,1771.8
hash_based,3,55.1,82,22.868,25.859,0.9984,128,1229,1155,1283,1771.8
hash_based,3,56.1,88,22.326,25.254,0.9982,135,1242,1175,1310,1771.8
hash_based,3,57.1,58,22.62,25.309,0.9984,168,1203,1142,1310,1771.8
hash_based,3,58.1,28,22.761,25.69,0.9985,122,1203,1142,1264,1771.8
hash_based,3,59.1,86,23.539,26.537,0.9986,114,1232,1181,1295,1771.8
ecmp,1,0.0,0,23.413,26.273,1.0,0,0,0,0,2028.7
ecmp,1,1.0,86,23.413,26.319,0.9997,114,1215,1120,1234,2028.7
ecmp,1,2.0,82,23.735,26.319,1.0,123,1243,1120,1234,2028.7
ecmp,1,3.0,82,23.569,26.069,1.0,115,1243,1147,1262,2028.7
ecmp,1,4.0,37,23.362,26.197,1.0,96,1271,1175,1221,2028.7
ecmp,1,5.0,47,23.323,26.076,1.0,101,1225,1124,1214,2028.7
ecmp,1,6.0,81,23.313,26.374,1.0,100,1252,1152,1242,2028.7
ecmp,1,7.0,87,23.391,26.43,1.0,99,1279,1180,1242,2028.7
ecmp,1,8.0,52,23.213,26.376,1.0,99,1279,1180,1270,2028.7
ecmp,1,9.0,32,23.055,25.922,1.0,84,1215,1137,1221,2028.7
ecmp,1,10.0,87,22.7,25.836,1.0,85,1235,1164,1249,2028.7
ecmp,1,11.0,81,22.687,25.651,1.0,90,1250,1180,1270,2028.7
ecmp,1,12.0,61,23.064,25.819,1.0,84,1186,1118,1202,2028.7
ecmp,1,13.0,21,23.381,25.819,1.0,95,1213,1118,1202,2028.7
ecmp,1,14.0,87,23.386,26.064,1.0,83,1213,1141,1224,2028.7
ecmp,1,15.0,83,23.684,26.847,1.0,81,1238,1167,1248,2028.7
ecmp,1,16.0,81,23.261,26.117,1.0,82,1266,1194,1276,2028.7
ecmp,1,17.0,2,23.367,26.161,1.0,71,1198,1151,1222,2028.7
ecmp,1,18.0,83,23.308,26.021,1.0,47,1226,1179,1222,2028.7
ecmp,1,19.0,87,23.41,26.294,1.0,70,1226,1179,1249,2028.7
ecmp,1,20.0,39,23.401,26.431,1.0,71,1254,1206,1277,2028.7
ecmp,1,21.0,11,23.452,25.994,1.0,72,1173,1136,1208,2028.7
ecmp,1,22.0,71,23.359,26.184,1.0,73,1201,1163,1236,2028.7
ecmp,1,23.0,84,23.853,26.785,1.0,72,1229,1191,1263,2028.7
ecmp,1,24.0,62,23.853,26.785,1.0,72,1229,1191,1263,2028.7
ecmp,1,25.0,23,22.844,26.03,1.0,49,1176,1144,1193,2028.7
ecmp,1,26.0,84,22.887,25.735,1.0,55,1193,1167,1222,2028.7
ecmp,1,27.0,86,22.477,25.256,1.0,57,1211,1186,1243,2028.7
ecmp,1,28.0,71,23.095,25.942,1.0,29,1233,1204,1219,2028.7
ecmp,1,29.0,11,23.117,25.942,1.0,45,1174,1204,1219,2028.7
ecmp,1,30.0,86,23.118,25.84,1.0,58,1174,1147,1205,2028.7
ecmp,1,31.0,82,23.285,26.093,1.0,56,1201,1175,1231,2028.7
ecmp,1,32.0,75,23.373,26.134,1.0,55,1229,1203,1258,2028.7
ecmp,1,33.0,1,23.493,25.99,1.0,38,1170,1155,1193,2028.7
ecmp,1,34.0,80,23.58,26.936,1.0,14,1197,1183,1193,2028.7
ecmp,1,35.0,78,23.795,27.001,1.0,38,1197,1183,1221,2028.7
ecmp,1,36.0,82,23.42,26.156,1.0,39,1220,1205,1244,2028.7
ecmp,1,37.0,42,23.852,26.957,1.0,46,1159,1150,1196,2028.7
ecmp,1,38.0,44,23.543,26.786,1.0,47,1187,1177,1224,2028.7
ecmp,1,39.0,84,23.474,26.477,1.0,47,1214,1205,1252,2028.7
ecmp,1,40.0,82,23.378,26.477,1.0,47,1241,1205,1252,2028.7
ecmp,1,41.0,50,23.19,26.085,1.0,46,1241,1233,1279,2028.7
ecmp,1,42.0,33,23.298,26.023,1.0,42,1178,1173,1215,2028.7
ecmp,1,43.0,87,23.355,26.731,1.0,42,1207,1201,1243,2028.7
ecmp,1,44.0,82,22.721,25.317,1.0,55,1206,1211,1261,2028.7
ecmp,1,45.0,11,23.049,25.98,1.0,127,1134,1148,1261,2028.7
ecmp,1,46.0,71,23.049,25.98,1.0,39,1134,1148,1173,2028.7
ecmp,1,47.0,83,23.306,26.078,1.0,33,1160,1174,1193,2028.7
ecmp,1,48.0,84,23.541,26.793,1.0,32,1188,1202,1220,2028.7
ecmp,1,49.0,16,23.517,26.771,1.0,29,1134,1144,1163,2028.7
ecmp,1,50.0,67,23.682,26.86,1.0,29,1162,1171,1191,2028.7
ecmp,1,51.1,86,23.682,26.86,1.0,29,1162,1171,1191,2028.7
ecmp,1,52.1,82,23.613,26.859,1.0,30,1189,1199,1219,2028.7
ecmp,1,53.1,31,23.682,26.238,1.0,30,1216,1226,1246,2028.7
ecmp,1,54.1,50,23.029,25.854,1.0,26,1165,1166,1191,2028.7
ecmp,1,55.1,85,23.209,26.133,1.0,27,1192,1194,1219,2028.7
ecmp,1,56.1,86,23.238,26.133,1.0,26,1220,1194,1219,2028.7
ecmp,1,57.1,33,23.433,26.373,1.0,26,1220,1219,1245,2028.7
ecmp,1,58.1,53,22.942,26.158,1.0,23,1190,1194,1213,2028.7
ecmp,1,59.1,89,23.056,26.139,1.0,33,1207,1219,1240,2028.7
ecmp,2,0.0,0,23.295,26.115,1.0,0,0,0,0,1853.5
ecmp,2,1.0,83,23.445,26.162,0.9997,21,1138,1140,1159,1853.5
ecmp,2,2.0,86,23.329,26.162,0.9999,25,1165,1140,1159,1853.5
ecmp,2,3.0,83,23.428,26.307,1.0,17,1165,1166,1182,1853.5
ecmp,2,4.0,7,23.162,26.076,1.0,20,1188,1192,1208,1853.5
ecmp,2,5.0,77,23.288,26.022,1.0,16,1135,1136,1151,1853.5
ecmp,2,6.0,81,23.238,26.051,1.0,15,1163,1163,1178,1853.5
ecmp,2,7.0,82,23.066,26.162,1.0,13,1189,1191,1178,1853.5
ecmp,2,8.0,21,23.287,26.673,1.0,14,1189,1191,1203,1853.5
ecmp,2,9.0,59,22.783,25.843,1.0,18,1125,1134,1143,1853.5
ecmp,2,10.0,81,23.363,26.138,1.0,10,1135,1137,1145,1853.5
ecmp,2,11.0,41,23.395,26.09,1.0,9,1163,1165,1172,1853.5
ecmp,2,12.0,46,23.29,26.102,1.0,8,1107,1110,1115,1853.5
ecmp,2,13.0,74,23.29,26.102,1.0,8,1107,1110,1115,1853.5
ecmp,2,14.0,87,23.184,26.059,1.0,8,1129,1132,1137,1853.5
ecmp,2,15.0,82,23.439,26.192,1.0,8,1157,1159,1165,1853.5
ecmp,2,16.0,0,23.289,26.13,1.0,8,1185,1186,1193,1853.5
ecmp,2,17.0,84,23.338,26.13,1.0,56,1137,1186,1193,1853.5
ecmp,2,18.0,80,23.338,26.13,1.0,56,1137,1186,1193,1853.5
ecmp,2,19.0,77,18.066,25.964,1.0,39,1137,1162,1176,1853.5
ecmp,2,20.0,8,20.877,26.757,1.0,68,1108,1111,1176,1853.5
ecmp,2,21.0,85,20.875,26.757,1.0,13,1108,1111,1121,1853.5
ecmp,2,22.0,83,20.903,26.758,1.0,12,1136,1139,1148,1853.5
ecmp,2,23.0,85,20.583,26.082,1.0,12,1163,1164,1175,1853.5
ecmp,2,24.0,1,20.355,26.134,1.0,11,1191,1192,1202,1853.5
ecmp,2,25.0,86,20.643,26.395,1.0,8,1126,1125,1133,1853.5
ecmp,2,26.0,83,20.75,26.427,1.0,28,1153,1125,1133,1853.5
ecmp,2,27.0,83,20.504,26.319,1.0,7,1153,1153,1160,1853.5
ecmp,2,28.0,11,21.132,26.819,1.0,6,1181,1181,1187,1853.5
ecmp,2,29.0,71,20.511,26.371,1.0,7,1123,1122,1129,1853.5
ecmp,2,30.0,83,20.052,25.512,1.0,14,1142,1149,1156,1853.5
ecmp,2,31.0,66,20.39,26.03,1.0,10,1159,1166,1156,1853.5
ecmp,2,32.0,21,20.219,26.03,1.0,21,1159,1166,1180,1853.5
ecmp,2,33.0,87,19.935,25.567,1.0,71,1180,1109,1121,1853.5
ecmp,2,34.0,84,20.332,25.962,1.0,6,1129,1129,1135,1853.5
ecmp,2,35.0,53,20.727,26.315,1.0,7,1157,1156,1163,1853.5
ecmp,2,36.0,30,20.327,26.025,1.0,8,1185,1183,1191,1853.5
ecmp,2,37.0,87,20.351,26.033,1.0,62,1129,1183,1191,1853.5
ecmp,2,38.0,86,20.726,26.114,1.0,7,1129,1129,1136,1853.5
ecmp,2,39.0,66,20.398,25.921,1.0,8,1156,1157,1164,1853.5
ecmp,2,40.0,18,20.651,26.284,1.0,7,1184,1185,1191,1853.5
ecmp,2,41.0,81,20.263,26.083,1.0,10,1129,1130,1139,1853.5
ecmp,2,42.0,83,20.687,26.083,1.0,9,1157,1158,1166,1853.5
ecmp,2,43.0,78,20.687,26.083,1.0,9,1157,1158,1166,1853.5
ecmp,2,44.0,6,19.967,25.568,1.0,9,1186,1185,1194,1853.5
ecmp,2,45.0,86,20.056,25.41,1.0,17,1205,1214,1222,1853.5
ecmp,2,46.0,84,20.249,25.93,1.0,30,1137,1158,1167,1853.5
ecmp,2,47.0,82,20.249,25.93,1.0,30,1137,1158,1167,1853.5
ecmp,2,48.0,1,20.773,26.652,1.0,12,1183,1186,1195,1853.5
ecmp,2,49.0,85,20.447,26.081,1.0,12,1197,1199,1209,1853.5
ecmp,2,50.1,81,20.754,26.629,1.0,12,1130,1131,1142,1853.5
ecmp,2,51.1,16,20.514,26.155,1.0,13,1157,1159,1170,1853.5
ecmp,2,52.1,66,20.529,26.207,1.0,17,1184,1187,1170,1853.5
ecmp,2,53.1,86,20.554,26.207,1.0,14,1184,1187,1198,1853.5
ecmp,2,54.1,84,20.573,26.197,1.0,13,1129,1129,1142,1853.5
ecmp,2,55.1,21,20.776,26.744,1.0,14,1156,1157,1170,1853.5
ecmp,2,56.1,62,20.709,26.691,1.0,15,1183,1185,1198,1853.5
ecmp,2,57.1,86,20.731,26.835,1.0,12,1184,1185,1196,1853.5
ecmp,2,58.1,86,20.42,25.995,1.0,27,1212,1185,1196,1853.5
ecmp,2,59.1,21,20.464,26.249,1.0,12,1212,1212,1224,1853.5
ecmp,3,0.0,0,20.616,26.202,1.0,0,0,0,0,1994.4
ecmp,3,1.0,82,20.829,26.72,0.9997,10,1160,1162,1170,1994.4
ecmp,3,2.0,82,20.602,26.221,0.9999,20,1187,1190,1170,1994.4
ecmp,3,3.0,84,20.608,26.221,1.0,11,1187,1190,1198,1994.4
ecmp,3,4.0,21,20.968,26.804,1.0,11,1215,1217,1226,1994.4
ecmp,3,5.0,64,20.556,26.133,1.0,85,1243,1158,1175,1994.4
ecmp,3,6.0,81,20.638,26.251,1.0,14,1185,1185,1199,1994.4
ecmp,3,7.0,82,20.166,25.734,1.0,19,1207,1213,1226,1994.4
ecmp,3,8.0,16,20.166,25.734,1.0,19,1207,1213,1226,1994.4
ecmp,3,9.0,66,19.971,25.114,1.0,28,1224,1232,1252,1994.4
ecmp,3,10.0,1,20.687,26.148,1.0,88,1165,1164,1252,1994.4
ecmp,3,11.0,92,20.409,26.148,1.0,43,1165,1164,1207,1994.4
ecmp,3,12.0,86,20.996,26.492,1.0,19,1221,1216,1235,1994.4
ecmp,3,13.0,46,20.996,26.492,1.0,19,1221,1216,1235,1994.4
ecmp,3,14.0,41,20.093,25.512,1.0,20,1160,1166,1180,1994.4
ecmp,3,15.0,72,20.146,25.94,1.0,16,1185,1185,1201,1994.4
ecmp,3,16.0,87,20.335,26.11,1.0,19,1209,1211,1228,1994.4
ecmp,3,17.0,84,20.05,25.554,1.0,79,1149,1160,1228,1994.4
ecmp,3,18.0,1,20.165,25.554,1.0,26,1149,1160,1175,1994.4
ecmp,3,19.0,85,19.801,25.578,1.0,34,1167,1179,1201,1994.4
ecmp,3,20.0,82,20.515,26.024,1.0,21,1208,1211,1229,1994.4
ecmp,3,21.0,84,20.084,25.361,1.0,87,1142,1149,1229,1994.4
ecmp,3,22.0,7,20.043,25.361,1.0,28,1142,1149,1170,1994.4
ecmp,3,23.0,79,19.784,25.358,1.0,38,1159,1169,1197,1994.4
ecmp,3,24.0,86,20.038,25.486,1.0,34,1177,1185,1211,1994.4
ecmp,3,25.0,83,20.719,26.432,1.0,23,1204,1201,1224,1994.4
ecmp,3,26.0,5,20.207,25.571,1.0,25,1153,1150,1175,1994.4
ecmp,3,27.0,84,20.493,26.343,1.0,31,1181,1150,1175,1994.4
ecmp,3,28.0,81,20.603,26.403,1.0,24,1181,1178,1202,1994.4
ecmp,3,29.0,47,20.545,26.189,1.0,23,1209,1206,1229,1994.4
ecmp,3,30.0,40,20.746,26.547,1.0,23,1146,1143,1166,1994.4
ecmp,3,31.0,81,20.419,26.079,1.0,22,1174,1171,1193,1994.4
ecmp,3,32.0,83,20.749,26.729,1.0,9,1202,1199,1193,1994.4
ecmp,3,33.0,62,20.979,26.729,1.0,21,1202,1199,1220,1994.4
ecmp,3,34.0,25,20.328,26.263,1.0,16,1138,1137,1153,1994.4
ecmp,3,35.0,81,20.408,26.151,1.0,28,1153,1164,1181,1994.4
ecmp,3,36.0,81,20.5,26.178,1.0,17,1177,1164,1181,1994.4
ecmp,3,37.0,51,20.5,26.178,1.0,17,1177,1164,1181,1994.4
ecmp,3,38.0,16,23.686,26.306,1.0,56,1177,1121,1144,1994.4
ecmp,3,39.0,87,23.552,26.653,1.0,22,1151,1149,1171,1994.4
ecmp,3,40.0,86,23.552,26.653,1.0,22,1151,1149,1171,1994.4
ecmp,3,41.0,72,23.321,26.166,1.0,21,1179,1177,1198,1994.4
ecmp,3,42.0,13,23.277,26.108,1.0,20,1123,1121,1141,1994.4
ecmp,3,43.0,87,23.54,26.399,1.0,21,1151,1148,1169,1994.4
ecmp,3,44.0,84,23.011,25.974,1.0,25,1166,1163,1188,1994.4
ecmp,3,45.0,1,23.056,26.097,1.0,25,1180,1163,1188,1994.4
ecmp,3,46.0,80,22.891,26.092,1.0,30,1180,1178,1208,1994.4
ecmp,3,47.0,86,23.135,26.053,1.0,17,1128,1125,1142,1994.4
ecmp,3,48.0,1,23.391,26.194,1.0,16,1156,1153,1169,1994.4
ecmp,3,49.0,56,23.307,26.465,1.0,29,1157,1169,1186,1994.4
ecmp,3,50.0,54,23.307,26.465,1.0,29,1157,1169,1186,1994.4
ecmp,3,51.1,1,23.346,26.087,1.0,15,1106,1103,1118,1994.4
ecmp,3,52.1,85,23.249,26.136,1.0,16,1134,1130,1146,1994.4
ecmp,3,53.1,87,22.715,26.105,1.0,17,1157,1158,1174,1994.4
ecmp,3,54.1,56,22.956,25.672,1.0,23,1078,1079,1101,1994.4
ecmp,3,55.1,26,22.956,25.672,1.0,23,1078,1079,1101,1994.4
ecmp,3,56.1,84,23.171,25.963,1.0,19,1100,1102,1119,1994.4
ecmp,3,57.1,81,23.249,26.171,1.0,18,1128,1129,1146,1994.4
ecmp,3,58.1,62,23.237,26.072,1.0,11,1156,1156,1145,1994.4
ecmp,3,59.1,25,23.278,26.039,1.0,19,1160,1153,1172,1994.4
drl,1,0.0,0,23.4,26.198,1.0,0,0,0,0,1813.1
drl,1,1.0,86,23.424,26.205,0.3333,1148,0,0,1148,1813.1
drl,1,2.0,84,23.446,26.221,0.3333,88,1133,1045,1066,1813.1
drl,1,3.0,83,23.331,26.008,0.5962,168,1214,1046,1067,1813.1
drl,1,4.0,0,23.296,26.051,0.5962,168,1215,1047,1148,1813.1
drl,1,5.0,87,23.255,26.059,0.8888,89,1216,1127,1150,1813.1
drl,1,6.0,86,23.255,26.059,0.9278,89,1216,1127,1150,1813.1
drl,1,7.0,78,23.534,26.506,0.8658,105,1161,1071,1176,1813.1
drl,1,8.0,8,23.332,26.182,0.8778,183,1162,1073,1256,1813.1
drl,1,9.0,85,23.258,26.156,0.9691,110,1163,1147,1257,1813.1
drl,1,10.0,86,22.929,25.981,0.9766,108,1166,1067,1175,1813.1
drl,1,11.0,77,22.67,25.999,0.9999,34,1162,1141,1175,1813.1
drl,1,12.0,10,22.508,25.562,0.9995,35,1162,1141,1176,1813.1
drl,1,13.0,84,23.0,26.017,0.9764,37,1186,1149,1177,1813.1
drl,1,14.0,88,22.769,25.779,0.979,96,1163,1081,1177,1813.1
drl,1,15.0,0,22.985,25.881,0.979,82,1163,1081,1094,1813.1
drl,1,16.0,87,22.393,25.082,0.9998,18,1164,1146,1157,1813.1
drl,1,17.0,87,23.026,26.08,0.9907,61,1165,1147,1208,1813.1
drl,1,18.0,71,23.288,26.02,0.9922,110,1072,1053,1163,1813.1
drl,1,19.0,1,23.331,26.323,0.9921,110,1137,1054,1164,1813.1
drl,1,20.0,83,23.331,26.323,0.9999,110,1137,1054,1164,1813.1
drl,1,21.0,86,23.247,26.061,0.9905,31,1139,1134,1165,1813.1
drl,1,22.0,85,23.565,26.06,0.9928,133,1140,1214,1081,1813.1
drl,1,23.0,11,23.344,26.153,0.9945,51,1133,1131,1082,1813.1
drl,1,24.0,77,23.263,26.175,0.9999,31,1134,1132,1163,1813.1
drl,1,25.0,84,23.477,26.275,0.9957,82,1215,1133,1163,1813.1
drl,1,26.0,86,23.565,26.302,0.9951,82,1215,1133,1164,1813.1
drl,1,27.0,11,23.426,26.38,0.9943,48,1133,1131,1085,1813.1
drl,1,28.0,77,23.582,26.097,0.9996,21,1134,1143,1155,1813.1
drl,1,29.0,86,23.469,26.782,0.9966,68,1212,1144,1156,1813.1
drl,1,30.0,86,22.67,25.622,0.998,103,1129,1060,1163,1813.1
drl,1,31.0,1,22.67,25.622,0.9981,103,1129,1060,1163,1813.1
drl,1,32.0,85,22.565,25.307,0.9997,67,1130,1091,1158,1813.1
drl,1,33.0,88,23.009,26.021,0.9945,28,1131,1143,1159,1813.1
drl,1,34.0,51,23.25,26.067,0.9961,148,1132,1223,1075,1813.1
drl,1,35.0,35,23.449,26.317,0.9979,44,1108,1145,1101,1813.1
drl,1,36.0,86,23.384,26.154,0.9987,44,1109,1145,1101,1813.1
drl,1,37.0,86,23.283,26.132,0.9942,72,1109,1146,1181,1813.1
drl,1,38.0,71,24.017,27.023,0.9976,152,1110,1147,1262,1813.1
drl,1,39.0,16,23.367,26.808,0.9979,114,1106,1065,1179,1813.1
drl,1,40.0,84,23.34,26.426,0.999,73,1107,1146,1180,1813.1
drl,1,41.0,84,23.168,25.784,0.9998,34,1181,1147,1180,1813.1
drl,1,42.0,62,23.281,26.029,0.9994,34,1181,1147,1181,1813.1
drl,1,43.0,23,23.229,26.005,0.9987,45,1102,1145,1100,1813.1
drl,1,44.0,85,23.133,26.05,0.9991,77,1103,1146,1180,1813.1
drl,1,45.0,87,22.816,26.087,0.9998,34,1167,1147,1181,1813.1
drl,1,46.0,54,22.821,26.089,0.9984,37,1184,1147,1181,1813.1
drl,1,47.0,33,22.498,25.343,0.9988,68,1184,1116,1150,1813.1
drl,1,48.0,85,23.627,27.043,0.998,70,1210,1221,1151,1813.1
drl,1,49.0,88,23.17,25.981,0.9999,22,1211,1222,1200,1813.1
drl,1,50.1,0,23.206,26.078,0.9999,22,1212,1222,1200,1813.1
drl,1,51.1,84,23.597,27.04,0.9988,72,1212,1140,1166,1813.1
drl,1,52.1,83,23.438,26.121,0.9953,97,1134,1141,1231,1813.1
drl,1,53.1,80,23.207,26.021,0.9972,177,1135,1142,1312,1813.1
drl,1,54.1,8,23.139,25.939,0.9972,170,1216,1143,1313,1813.1
drl,1,55.1,87,23.282,26.356,0.9991,181,1132,1146,1313,1813.1
drl,1,56.1,85,23.318,26.367,0.9995,97,1132,1146,1229,1813.1
drl,1,57.1,72,23.295,26.061,0.9981,83,1213,1147,1230,1813.1
drl,1,58.1,15,23.484,26.597,0.9985,130,1286,1156,1231,1813.1
drl,1,59.1,88,23.246,26.022,0.9995,55,1257,1211,1202,1813.1
drl,2,0.0,0,23.3,26.203,1.0,0,0,0,0,2139.5
drl,2,1.0,89,23.38,26.284,0.3333,105,1180,1214,1285,2139.5
drl,2,2.0,83,23.38,26.284,0.3333,105,1180,1214,1285,2139.5
drl,2,3.0,81,23.566,27.064,0.3333,127,1248,1132,1121,2139.5
drl,2,4.0,6,23.424,26.398,0.3438,207,1329,1133,1122,2139.5
drl,2,5.0,84,23.507,26.102,0.5389,196,1330,1134,1203,2139.5
drl,2,6.0,84,23.378,26.271,0.7614,126,1248,1131,1122,2139.5
drl,2,7.0,83,23.378,26.271,0.8557,126,1248,1131,1122,2139.5
drl,2,8.0,4,23.101,26.086,0.8575,117,1249,1132,1203,2139.5
drl,2,9.0,82,23.117,26.088,0.961,46,1250,1215,1204,2139.5
drl,2,10.0,85,22.701,25.655,0.9651,224,1168,1051,1275,2139.5
drl,2,11.0,76,22.756,25.891,0.9991,213,1169,1070,1283,2139.5
drl,2,12.0,9,23.092,26.798,0.9998,213,1170,1070,1283,2139.5
drl,2,13.0,84,23.414,26.819,0.9836,151,1170,1133,1284,2139.5
drl,2,14.0,86,23.361,26.059,0.9424,114,1171,1214,1285,2139.5
drl,2,15.0,1,23.174,26.08,0.9429,187,1105,1292,1123,2139.5
drl,2,16.0,84,23.446,26.74,0.964,169,1186,1293,1124,2139.5
drl,2,17.0,84,23.218,26.079,0.9899,170,1187,1294,1124,2139.5
drl,2,18.0,89,23.448,26.335,0.9893,107,1187,1294,1205,2139.5
drl,2,19.0,23,23.307,26.285,0.9944,179,1103,1132,1282,2139.5
drl,2,20.0,63,23.246,25.99,0.9999,150,1184,1133,1283,2139.5
drl,2,21.0,83,23.276,26.023,0.994,99,1185,1214,1284,2139.5
drl,2,22.0,88,22.846,26.471,0.9945,70,1161,1132,1202,2139.5
drl,2,23.0,11,22.846,26.471,0.9935,70,1161,1132,1202,2139.5
drl,2,24.0,72,22.474,25.167,0.983,74,1207,1133,1203,2139.5
drl,2,25.0,89,22.768,25.808,0.9805,113,1265,1152,1204,2139.5
drl,2,26.0,87,23.232,26.123,0.9686,61,1266,1215,1205,2139.5
drl,2,27.0,7,23.374,26.014,0.9707,228,1193,1282,1054,2139.5
drl,2,28.0,76,23.4,26.084,0.9876,228,1194,1282,1054,2139.5
drl,2,29.0,88,23.299,26.135,0.9964,148,1194,1283,1135,2139.5
drl,2,30.0,32,23.237,26.007,0.9972,89,1195,1284,1216,2139.5
drl,2,31.0,53,23.225,26.094,0.9992,99,1185,1121,1220,2139.5
drl,2,32.0,85,23.368,26.134,0.9929,35,1186,1202,1221,2139.5
drl,2,33.0,88,23.61,26.103,0.994,64,1267,1203,1221,2139.5
drl,2,34.0,33,23.585,26.036,0.9969,64,1267,1203,1222,2139.5
drl,2,35.0,55,22.851,26.073,0.9995,60,1185,1200,1140,2139.5
drl,2,36.0,86,22.36,25.1,0.9985,31,1186,1201,1217,2139.5
drl,2,37.0,87,22.563,25.455,0.999,34,1188,1202,1222,2139.5
drl,2,38.0,28,23.051,26.045,0.998,65,1268,1203,1223,2139.5
drl,2,39.0,60,23.051,26.045,0.997,65,1268,1203,1223,2139.5
drl,2,40.0,85,23.187,25.965,0.9921,207,1217,1042,1249,2139.5
drl,2,41.0,85,23.352,26.266,0.9972,287,1218,1043,1330,2139.5
drl,2,42.0,26,23.406,26.184,0.9979,207,1219,1124,1331,2139.5
drl,2,43.0,60,23.055,25.73,0.9979,189,1081,1145,1270,2139.5
drl,2,44.0,85,23.045,25.705,0.9999,125,1162,1145,1270,2139.5
drl,2,45.0,86,23.19,25.961,0.9983,125,1162,1146,1271,2139.5
drl,2,46.0,31,23.361,26.172,0.997,125,1243,1147,1272,2139.5
drl,2,47.0,55,23.673,26.869,0.9981,161,1269,1146,1108,2139.5
drl,2,48.0,86,23.444,26.679,0.9993,123,1270,1147,1189,2139.5
drl,2,49.0,46,23.14,26.657,0.9999,96,1271,1175,1189,2139.5
drl,2,50.0,38,22.576,25.839,0.9998,96,1271,1175,1196,2139.5
drl,2,51.1,84,23.088,25.835,0.9976,76,1272,1196,1222,2139.5
drl,2,52.1,89,22.462,25.434,0.9928,173,1169,1114,1287,2139.5
drl,2,53.1,37,23.178,26.532,0.9942,165,1170,1122,1287,2139.5
drl,2,54.1,52,23.349,26.583,0.9953,182,1170,1122,1304,2139.5
drl,2,55.1,87,22.457,25.326,0.9951,134,1171,1237,1305,2139.5
drl,2,56.1,87,22.917,25.945,0.9987,229,1038,1186,1267,2139.5
drl,2,57.1,31,23.023,26.008,0.9994,148,1119,1187,1267,2139.5
drl,2,58.1,53,23.301,26.091,0.9999,149,1119,1187,1268,2139.5
drl,2,59.1,89,22.502,25.18,0.9988,81,1219,1188,1269,2139.5
drl,3,0.0,0,23.291,26.099,1.0,0,0,0,0,2340.0
drl,3,1.0,87,22.82,25.868,0.3333,1224,0,1187,1224,2340.0
drl,3,2.0,88,23.336,26.137,0.3333,93,1198,1105,1127,2340.0
drl,3,3.0,42,23.407,26.16,0.4846,173,1279,1106,1128,2340.0
drl,3,4.0,43,23.16,26.0,0.5953,173,1280,1107,1209,2340.0
drl,3,5.0,83,23.168,25.99,0.8766,93,1281,1188,1209,2340.0
drl,3,6.0,84,23.22,26.005,0.9198,93,1281,1188,1210,2340.0
drl,3,7.0,41,23.52,26.798,0.8946,207,1279,1072,1143,2340.0
drl,3,8.0,29,23.465,26.144,0.9392,185,1280,1095,1187,2340.0
drl,3,9.0,89,23.61,26.559,0.9939,105,1281,1176,1188,2340.0
drl,3,10.0,88,23.518,26.541,0.9451,312,1279,967,1265,2340.0
drl,3,11.0,84,23.518,26.541,0.9542,312,1279,967,1265,2340.0
drl,3,12.0,0,22.929,25.946,0.9542,232,1280,1048,1266,2340.0
drl,3,13.0,86,22.778,25.778,0.9247,164,1281,1117,1267,2340.0
drl,3,14.0,84,22.936,25.91,0.881,102,1163,1207,1105,2340.0
drl,3,15.0,85,22.828,25.939,0.8906,103,1164,1208,1105,2340.0
drl,3,16.0,1,22.619,25.376,0.8906,44,1164,1208,1178,2340.0
drl,3,17.0,86,22.523,25.429,0.955,29,1184,1209,1180,2340.0
drl,3,18.0,83,23.056,26.383,0.9457,119,1245,1126,1209,2340.0
drl,3,19.0,88,23.091,26.037,0.9272,137,1072,1127,1209,2340.0
drl,3,20.0,0,23.365,26.119,0.9272,187,1072,1127,1259,2340.0
drl,3,21.0,87,22.654,25.797,0.97,168,1092,1208,1260,2340.0
drl,3,22.0,86,23.013,25.853,0.9915,55,1154,1209,1195,2340.0
drl,3,23.0,11,23.48,26.207,0.993,151,1198,1047,1196,2340.0
drl,3,24.0,72,23.505,26.794,0.98,97,1212,1115,1197,2340.0
drl,3,25.0,86,23.505,26.794,0.9577,97,1212,1115,1197,2340.0
drl,3,26.0,85,23.471,26.274,0.9319,17,1213,1196,1198,2340.0
drl,3,27.0,11,23.627,26.133,0.9346,176,1163,1242,1066,2340.0
drl,3,28.0,74,23.68,27.077,0.9476,96,1164,1243,1147,2340.0
drl,3,29.0,84,23.47,26.218,0.9536,79,1165,1244,1228,2340.0
drl,3,30.0,85,23.025,26.067,0.9758,93,1151,1244,1228,2340.0
drl,3,31.0,7,22.866,25.917,0.9772,96,1151,1193,1097,2340.0
drl,3,32.0,81,22.564,25.53,0.9786,36,1158,1194,1167,2340.0
drl,3,33.0,87,22.957,26.019,0.9924,27,1181,1195,1168,2340.0
drl,3,34.0,84,23.156,26.285,0.9895,203,1240,1196,1037,2340.0
drl,3,35.0,0,23.008,25.966,0.9895,157,1127,1194,1037,2340.0
drl,3,36.0,86,23.157,26.011,0.9816,107,1127,1194,1087,2340.0
drl,3,37.0,88,23.556,26.096,0.9698,67,1128,1195,1167,2340.0
drl,3,38.0,31,23.325,25.963,0.9752,119,1129,1196,1248,2340.0
drl,3,39.0,53,23.315,26.155,0.9826,212,1127,1034,1246,2340.0
drl,3,40.0,88,23.497,26.407,0.9846,132,1128,1115,1247,2340.0
drl,3,41.0,86,23.497,26.407,0.9935,132,1128,1115,1247,2340.0
drl,3,42.0,21,23.239,26.169,0.9949,132,1209,1116,1248,2340.0
drl,3,43.0,67,22.878,25.569,0.9949,50,1116,1123,1166,2340.0
drl,3,44.0,88,22.693,26.032,0.9992,54,1178,1124,1167,2340.0
drl,3,45.0,86,22.902,26.094,0.9977,74,1198,1124,1167,2340.0
drl,3,46.0,21,23.323,26.372,0.9968,37,1198,1205,1168,2340.0
drl,3,47.0,65,22.917,26.07,0.9961,151,1196,1177,1045,2340.0
drl,3,48.0,90,22.961,26.038,0.9923,71,1197,1178,1126,2340.0
drl,3,49.0,87,23.071,26.301,0.9861,27,1198,1179,1206,2340.0
drl,3,50.0,82,23.071,26.301,0.9923,27,1198,1179,1206,2340.0
drl,3,51.1,4,23.454,26.369,0.9925,262,1279,1017,1198,2340.0
drl,3,52.1,88,22.901,26.157,0.9934,93,1197,1106,1199,2340.0
drl,3,53.1,86,22.413,25.287,0.9917,49,1198,1151,1200,2340.0
drl,3,54.1,80,22.776,25.802,0.9882,4,1199,1203,1201,2340.0
drl,3,55.1,3,22.864,26.038,0.988,214,989,1203,1201,2340.0
drl,3,56.1,88,23.058,26.075,0.9944,269,989,1258,1199,2340.0
drl,3,57.1,81,23.547,26.506,0.9979,189,1070,1259,1200,2340.0
drl,3,58.1,1,23.375,26.207,0.9979,109,1151,1260,1201,2340.0
drl,3,59.1,85,23.478,26.366,0.9992,61,1197,1258,1199,2340.0
